,text,neg,neu,pos,compound
0,"Is It Hot Enough for You?: Global Warming Heats Up (24/7: Behind the Headlines Special Editions) J0EYHMH

https://t.co/MTwOW2rmQ1 https://t.co/QUTJDnOURF",0.0,0.798,0.202,0.5106
1,RT @ACCIONA_EN: Climate change denial has gone from rejecting scientific evidence to dodging taking urgent measures to halt global warming‚Ä¶,0.099,0.764,0.137,0.1779
2,"RT @BillSparow1: @QuentinDempster How good is Global Warming 
The world has warmed 1 degree C in the last 170 years. 
Climate death rate ha‚Ä¶",0.114,0.712,0.174,0.34
3,"RT @TomTSEC: Due to global warming, it is currently -31C in Edmonton Alberta.",0.096,0.739,0.165,0.4588
5,@TomTSEC They changed it to Climate Change now to cover hot and cold. Global Warming wasn‚Äôt selling.,0.072,0.749,0.179,0.802
6,@TIME Also noone cares about global warming. https://t.co/tCyVHm9Nnd,0.058,0.754,0.188,0.9246
8,"RT @tan123: For your copy/paste pleasure, here is some stuff that I like to say/tweet: 
CO2 is *not* the climate control knob.  It‚Äôs a poli‚Ä¶",0.041,0.789,0.17,0.9638
9,"RT @tan123: For your copy/paste pleasure, here is some stuff that I like to say/tweet: 
CO2 is *not* the climate control knob.  It‚Äôs a poli‚Ä¶",0.039,0.779,0.181,0.9716
10,"@Ingrown_nail @chair_this @Breaking911 I'm so old I remember when ""climate change"" was called ""global warming"". They had to pivot once we reached 2020 and Miami wasn't at the bottom of the ocean though.",0.045,0.788,0.167,0.9692
11,@juniperjadey The only global warming that‚Äôs acceptable,0.049,0.795,0.156,0.9672
13,"RT @ogwausa: Will these 50-million-year-old mummies survive the ""climate crisis""?

Should you stop contributing to your 401k?

Tune in next‚Ä¶",0.049,0.803,0.148,0.9676
15,"ORGANIZED FAMINE: Germany Orders Farmers to Slash Fertilizer After Dutch Government Shuts Down 3,000 Farms to Comply with Global Warming Goals https://t.co/bN33icvd8F via @gatewaypundit",0.044,0.818,0.138,0.97
16,RT @JunkScience: November NASA satellite data in... still no warming since 2015... despite ~400 billion tons of manmade emissions and ~14%‚Ä¶,0.043,0.817,0.14,0.9721
17,"RT @wef: The 1.5¬∞C global warming limit is still within grasp ‚Äì here's how we can reach it #COP27 #Climate 

https://t.co/dR31Z6t4aE",0.039,0.828,0.133,0.9752
18,"RT @emungai_m: As a result of #climatechange, water is becoming more scarce in more places. In already water-stressed areas, global warming‚Ä¶",0.038,0.83,0.132,0.9768
19,"RT @TomTSEC: Due to global warming, it is currently -31C in Edmonton Alberta.",0.037,0.831,0.132,0.9782
20,Can‚Äôt beat a bit of global warming https://t.co/hap4zhZzCy,0.035,0.829,0.136,0.9824
21,"@MatthewWielicki @TheDisproof You mean YOU don't really understand clouds?
Perhaps you could learn from scientists who do the research?
eg

""Observational evidence that cloud feedback amplifies global warming"" (2021)

https://t.co/AfajMyj7Yl

Discussed:

https://t.co/PnTsJutBGi",0.034,0.831,0.135,0.984
22,"RT @TomTSEC: Due to global warming, it is currently -31C in Edmonton Alberta.",0.045,0.811,0.145,0.9866
23,"RT @keisfangs: #MHASpoilers #MHA374 #BNHA374 

not the todorokis causing global warming https://t.co/ylIW0tbajc",0.045,0.816,0.139,0.9868
24,"@Fleic_ My art is like global warming, getting hotter and piercing the ozone layer *ba-da tsssssss*",0.043,0.814,0.144,0.9905
25,RT @yourdrunkbuddy: @scottie1479 @BjornLomborg @JonahDispatch Irrelevant. The propoganda the warmers make is that the polar bear population‚Ä¶,0.041,0.82,0.139,0.9906
26,"@ZLabe @gcarbonproject Well, no matter how many beautiful graphics you show, the central tenent is still missing:

NO warming can be derived from a trace gas 

Thusly we can conclude that global warming and cooling stems from energy composition in earth‚Äôs surroundings

THE SUN/COSMOS

NOT humans https://t.co/qUR3aO1dWE",0.038,0.828,0.135,0.9921
27,"@MatthewWielicki Try 50 years. Is tall remember the oncoming ice age in the 70s, closely followed by global warming, ozone layer depletion etc. anything to screw governments funding ‚Äúclimate science ‚Äú",0.04,0.826,0.134,0.9921
29,"RT @tan123: For your copy/paste pleasure, here is some stuff that I like to say/tweet: 
CO2 is *not* the climate control knob.  It‚Äôs a poli‚Ä¶",0.045,0.852,0.103,0.9459
30,"RT @constantin_t: üíé ‚ÄúNo one has ever shown that human emissions of #CO2 drives global warming!‚Äù - Australian Geologist, Professor #IanPlime‚Ä¶",0.058,0.84,0.102,0.8634
31,"@TheDisproof @MatthewWielicki @Palaeo3D It if funny that a job you get paid to do that relies solely on climate change being real, that everything you put out points to ""Global warming"" meanwhile past historical records of the actual climate are being rewritten or deleted all being ""Homogenized"" to suit an agenda",0.068,0.83,0.102,-0.4607
32,"RT @LionHearted76: The Green Agenda is Insane
üö®Oxfordshire City Council in England just approved a trial Climate Lockdown in 2024

To ‚Äòsave‚Ä¶",0.067,0.828,0.105,0.5311
33,"RT @Dad_At_Law: First voicemail, next up, global warming and then war. These kids are dead set on eliminating all of the world‚Äôs worst evil‚Ä¶",0.066,0.829,0.105,0.6517
34,@JamesMelville Would you have him ride a horse?  I doubt his plane travel is what's caused the catastrophe that is global warming.  But I guess you've nothing of substance to share.  Carry on.,0.064,0.83,0.106,0.7373
35,"@JustinTrudeau Stop allowing missiles to wreck atmosphere day in and day out! How much damage to oceans, to our planet, with bombs. North Korea and any country deciding to shooting of missiles, should pay carbon tax, a billion per inch. That‚Äôs the true cause of global warming. Grow trees notwar",0.068,0.826,0.106,0.5758
36,@TomTSEC @BlogerPisarz It's the worst kind of global warming with no symptomsü§°.,0.064,0.823,0.113,0.9444
37,global warming pls come thruüôè https://t.co/n4AikdzIiZ,0.062,0.824,0.113,0.9579
38,"RT @Tony40335450: @BernieSpofforth @joseyrobins Global Warming? Northern Hemisphere Snow Cover At 56-Year High.

Most mainstream media outl‚Ä¶",0.061,0.821,0.119,0.977
39,"RT @TomTSEC: Due to global warming, it is currently -31C in Edmonton Alberta.",0.067,0.818,0.115,0.9565
40,RT @tealswag: nene accidentally accelerates global warming. asked to leave the theme park #prsk_FA #emunene https://t.co/j8SoXTw97d,0.075,0.811,0.115,0.8977
41,"@jrpsaki @WhiteHouse Awesome. 
Democrat control always makes America a better place for working people. 
Open borders, $4 a gallon gas, mandated vaccines, transgender theology, males in female locker rooms, global warming equity, &amp; endless mail in ballot harvesting. 
Who could ask for more.",0.073,0.812,0.115,0.9286
42,"@RealUtahMan @BjornLomborg The evidence is that humans are causing the current global warming, which is much more rapid than previous warming in the geological past. https://t.co/NPzsWwBplN",0.072,0.812,0.116,0.9392
43,"RT @4TR4iN: Simps who still believe in global warming should spend a  winter in Saskatchewan.

-45 C with wind chill tonight.

Thank God th‚Ä¶",0.07,0.816,0.114,0.9476
44,"""People still voted, so that means voter suppression doesn't exist"" is the ""it snowed in November, so that means there's no global warming"" of election-related political statements.

It's completely ignorant and ignores that systems contain multitudes. https://t.co/BaTWaiJRVO",0.069,0.816,0.114,0.9545
45,Global Warming is a total ass crack sandwich. Today is Pearl Harbour day &amp; I‚Äôm now off to cut some firewood for the elderly parents. Yup they‚Äôre ok yoday but had the fire going yesterday,0.067,0.82,0.113,0.9617
46,"RT @acamara0728: @easternair355 Never did.

Climate changes, constantly.

Ice Age, to warmer weather and after sometime  iceage again

This‚Ä¶",0.071,0.817,0.112,0.9244
47,"RT @TomTSEC: Due to global warming, it is currently -31C in Edmonton Alberta.",0.073,0.807,0.12,0.9686
48,"I shouldn't quote Kipling's If at the ABC's apostle, Paul Barry as he might wet his pants.
Andrew Bolt hits back at 'global warming crusader' Media Watch's Paul Barry https://t.co/KByCsZVWuI",0.075,0.805,0.12,0.9625
49,"@GBNEWS I've decided to believe in global warming now.....
Can I have some?",0.074,0.802,0.124,0.9763
50,"@KevinDewane @dandelafe Exactly; science controlled by the stock market . 
Doesn‚Äôt heat affect sex in chicks at birth?  If global warming  is real we will need some electrical air conditioning system to have less cocks i assume !?",0.073,0.805,0.122,0.9775
51,"@KellyCraftKY So does solar, wind, hydro-electric, and nuclear, all without increasing global warming and killing people.",0.072,0.805,0.123,0.9795
52,"RT @BigCityAndrew: ""Shut up and sit down... Global warming is the greatest fraud perpetrated on humanity"".

*explicit language* 

Wow this‚Ä¶",0.071,0.807,0.121,0.9795
53,"RT @UN: ‚ùåMyth: A few degrees of global warming are not a big deal. 

‚úÖFact: Every bit of warming worsens the impacts of the climate crisis‚Ä¶",0.077,0.802,0.121,0.9688
54,@CNN Finally some good news re: global warming?,0.077,0.802,0.122,0.9721
55,"RT @mtaibbi: I wonder how many people in relationships have tried the ‚ÄúI don‚Äôt want kids, but only because of global warming‚Äù line, and act‚Ä¶",0.083,0.795,0.122,0.9228
56,"RT @TomTSEC: Due to global warming, it is currently -31C in Edmonton Alberta.",0.082,0.79,0.128,0.9739
57,RT @KnKsnksm0: Global warming‚Ä¶ err cooling.. warming.. cooling.. warming.. cooling https://t.co/gGdoITCiNj,0.081,0.791,0.128,0.9764
58,@kylenabecker Since it's inception in Ancient Greece politics and corruption has always been questioned. Rebranding Global Warming and predictions that don't come true don't help with climate deniers. Scientists have always decried other scientists work until proven right or wrong. So??????,0.082,0.792,0.126,0.971
59,@Xx17965797N Global Warming at it again.,0.08,0.793,0.127,0.9816
60,those who cannot condemn the past are doomed to repeat is is something @billieeilish would say during a global warming crisis meeting.,0.081,0.792,0.128,0.9819
61,@TomTSEC -35 this morning with the wind -45. I had high hopes for global warming looks like it‚Äôs another pipe dream,0.085,0.789,0.125,0.9576
62,"RT @TomTSEC: Due to global warming, it is currently -31C in Edmonton Alberta.",0.083,0.789,0.127,0.9748
63,"RT @ogwausa: Will these 50-million-year-old mummies survive the ""climate crisis""?

Should you stop contributing to your 401k?

Tune in next‚Ä¶",0.083,0.79,0.127,0.9772
64,The Oxfordshire Council in England is to trial  a climate lockdown starting in 2024. Planning to lock residents in one of the 6 zones to save the planet from global warming.,0.081,0.792,0.127,0.9793
65,"RT @LionHearted76: The Green Agenda is Insane
üö®Oxfordshire City Council in England just approved a trial Climate Lockdown in 2024

To ‚Äòsave‚Ä¶",0.083,0.791,0.126,0.9752
66,"RT @MGSchmelzer: Instead of relying on untested and potentially dangerous negative emission technologies that might not work at scale, the‚Ä¶",0.081,0.791,0.127,0.9827
67,@david_rooke_ @BjornLomborg There is plenty of evidence. The current global warming is much faster than previous warming periods in geological time. It can't be dismissed as natural variation. https://t.co/NPzsWwBplN,0.081,0.789,0.13,0.9875
68,"RT @TomTSEC: Due to global warming, it is currently -31C in Edmonton Alberta.",0.082,0.788,0.13,0.9877
70,"RT @coolbrookcole: @easternair355 Never did. It was the new ice age coming till it was global warming. Because if CO2. Which, of course, is‚Ä¶",0.085,0.786,0.129,0.9812
71,you know global warming is real when you're still finding stink bugs in your bedroom in december,0.084,0.785,0.131,0.9867
72,@Breaking911 It's interesting how these on-air medical emergencies are being normalized. Never saw that until the last couple of years. Maybe it's global warming?,0.083,0.786,0.131,0.9876
73,Some Good Global Warming Comments  ü§î https://t.co/31oXk7JcPW,0.083,0.787,0.129,0.9856
74,"RT @LionHearted76: The Green Agenda is Insane
üö®Oxfordshire City Council in England just approved a trial Climate Lockdown in 2024

To ‚Äòsave‚Ä¶",0.083,0.784,0.133,0.991
75,"RT @constantin_t: üíé ‚ÄúNo one has ever shown that human emissions of #CO2 drives global warming!‚Äù - Australian Geologist, Professor #IanPlime‚Ä¶",0.081,0.781,0.138,0.995
76,"1/2 Let‚Äôs assume that Global warming is happening. It‚Äôs not, but let‚Äôs assume it is and it is as dire as you can possibly imagine. 

Why is YOUR solution a Global-Tax-Ponzi-Casino-Gulag? 

Why is YOUR solution a Global System of SLAVERY? 

Why not #Liberty?",0.082,0.779,0.139,0.9956
77,"RT @CoachBalto: Global warming is coming for your cars, not those bicyclist wanting protected bike lanes.  https://t.co/JvgZcCZrH2",0.081,0.777,0.141,0.9967
80,RT @CanadaGray: @TomTSEC Due to global warming it is +7 in Toronto....yep just weather that means nothing about climate.,0.082,0.778,0.14,0.9968
82,"RT @ogwausa: Will these 50-million-year-old mummies survive the ""climate crisis""?

Should you stop contributing to your 401k?

Tune in next‚Ä¶",0.081,0.779,0.14,0.9972
83,"Shut up and listen. Given the scale of issues like global warming and epidemic disease, we shouldn't underestimate the importance of a can-do attitude to science rather than a can't-afford-it attitude. Die soon",0.08,0.78,0.14,0.9973
84,"@charlruto Can I join your campaign, I have an advanced degree  in converting carbon dioxide to chemical fuels using nanotechnology to mitigation global warming and climate change. I will be grateful for the opportunity.",0.081,0.779,0.14,0.9971
86,"Countries have spent decades and billions of dollars on infrastructure and technology that aids the production of renewable energy. We are here to help Pakistan pick up the pace and win the fight against global warming.

#BigChief #SolarPower #GoSolar #SaveThePlanet #Pakistan https://t.co/Gpqvbh70cg",0.084,0.777,0.138,0.9965
87,"@BoVanston @TomTSEC Well, it was -16 deg F (-27 deg C) 10 days ago in Willow, AK in November. So you can shove your global warming in Anchorage when it's now SNOWING (= milder temp.)
Try to impress someone else in the lower 48 with your melting glaciers!",0.085,0.775,0.14,0.997
88,"RT @babyyakira: Fck me if I‚Äôm wrong , but global warming isn‚Äôt real https://t.co/aaTZunpk7g",0.084,0.775,0.14,0.9971
89,"RT @ogwausa: Will these 50-million-year-old mummies survive the ""climate crisis""?

Should you stop contributing to your 401k?

Tune in next‚Ä¶",0.086,0.775,0.14,0.9967
90,"@LeeTheCryptoKn1 @CBCNews The warmer it gets the nicer Canada will get, more C02 the bigger plants get that release more oxygen. Global warming can‚Äôt be stopped if the planet wants to heat up its not humans doing it one volcano eruption will dwarf all of human output",0.085,0.774,0.141,0.9971
91,"RT @constantin_t: üíé ‚ÄúNo one has ever shown that human emissions of #CO2 drives global warming!‚Äù - Australian Geologist, Professor #IanPlime‚Ä¶",0.086,0.774,0.14,0.9969
92,"RT @CoachBalto: Global warming is coming for your cars, not those bicyclist wanting protected bike lanes.  https://t.co/JvgZcCZrH2",0.087,0.771,0.142,0.997
93,"RT @TomTSEC: Due to global warming, it is currently -31C in Edmonton Alberta.",0.087,0.771,0.142,0.9971
94,Without that global warming .....Edmonton would have been in  trouble ..... https://t.co/y2MW9pmx7B,0.086,0.772,0.142,0.9972
95,"RT @constantin_t: üíé ‚ÄúNo one has ever shown that human emissions of #CO2 drives global warming!‚Äù - Australian Geologist, Professor #IanPlime‚Ä¶",0.086,0.771,0.143,0.9976
96,@Merica_81 Babe we have to save the world by getting more boosters and I just donated the rest of our savings to fight the war in Ukraine. Ps global warming is trumps fault just confirmed. Knew it.,0.085,0.77,0.145,0.998
97,"@GregorMacdonald Renewables going fwd have cost benefits which everyone is interested in. Renewables 2010-20 &amp; earlier were mostly driven by ideology (global warming concerns), not economics.  Non-buyers incl the many that disagreed with the ideology or agreed with it but refused the higher cost",0.084,0.77,0.147,0.9984
98,Global Warming To Activate Zombie¬†Viruses https://t.co/gklcXpxem9,0.083,0.772,0.145,0.9984
99,"RT @thehealthb0t: Spraying the skies with sulfate particles (chemtrails) will destroy the planet faster than ""global warming"" ever could.",0.082,0.771,0.147,0.9985
100,"Is It Hot Enough for You?: Global Warming Heats Up (24/7: Behind the Headlines Special Editions) J0EYHMH

https://t.co/MTwOW2rmQ1 https://t.co/QUTJDnOURF",0.083,0.772,0.145,0.9985
101,RT @ACCIONA_EN: Climate change denial has gone from rejecting scientific evidence to dodging taking urgent measures to halt global warming‚Ä¶,0.083,0.772,0.145,0.9984
102,"RT @BillSparow1: @QuentinDempster How good is Global Warming 
The world has warmed 1 degree C in the last 170 years. 
Climate death rate ha‚Ä¶",0.083,0.773,0.144,0.9984
103,"RT @TomTSEC: Due to global warming, it is currently -31C in Edmonton Alberta.",0.083,0.773,0.144,0.9984
105,@TomTSEC They changed it to Climate Change now to cover hot and cold. Global Warming wasn‚Äôt selling.,0.082,0.776,0.143,0.9985
106,@TIME Also noone cares about global warming. https://t.co/tCyVHm9Nnd,0.081,0.775,0.143,0.9985
108,"RT @tan123: For your copy/paste pleasure, here is some stuff that I like to say/tweet: 
CO2 is *not* the climate control knob.  It‚Äôs a poli‚Ä¶",0.08,0.778,0.142,0.9986
109,"RT @tan123: For your copy/paste pleasure, here is some stuff that I like to say/tweet: 
CO2 is *not* the climate control knob.  It‚Äôs a poli‚Ä¶",0.08,0.778,0.142,0.9986
110,"@Ingrown_nail @chair_this @Breaking911 I'm so old I remember when ""climate change"" was called ""global warming"". They had to pivot once we reached 2020 and Miami wasn't at the bottom of the ocean though.",0.079,0.778,0.143,0.9987
111,@juniperjadey The only global warming that‚Äôs acceptable,0.078,0.779,0.143,0.9988
113,"RT @ogwausa: Will these 50-million-year-old mummies survive the ""climate crisis""?

Should you stop contributing to your 401k?

Tune in next‚Ä¶",0.08,0.776,0.144,0.9989
115,"ORGANIZED FAMINE: Germany Orders Farmers to Slash Fertilizer After Dutch Government Shuts Down 3,000 Farms to Comply with Global Warming Goals https://t.co/bN33icvd8F via @gatewaypundit",0.078,0.777,0.145,0.999
116,RT @JunkScience: November NASA satellite data in... still no warming since 2015... despite ~400 billion tons of manmade emissions and ~14%‚Ä¶,0.077,0.779,0.144,0.9991
117,"RT @wef: The 1.5¬∞C global warming limit is still within grasp ‚Äì here's how we can reach it #COP27 #Climate 

https://t.co/dR31Z6t4aE",0.078,0.778,0.144,0.9991
118,"RT @emungai_m: As a result of #climatechange, water is becoming more scarce in more places. In already water-stressed areas, global warming‚Ä¶",0.082,0.775,0.143,0.9988
119,"RT @TomTSEC: Due to global warming, it is currently -31C in Edmonton Alberta.",0.084,0.773,0.143,0.9986
120,Can‚Äôt beat a bit of global warming https://t.co/hap4zhZzCy,0.086,0.772,0.142,0.9984
121,"@MatthewWielicki @TheDisproof You mean YOU don't really understand clouds?
Perhaps you could learn from scientists who do the research?
eg

""Observational evidence that cloud feedback amplifies global warming"" (2021)

https://t.co/AfajMyj7Yl

Discussed:

https://t.co/PnTsJutBGi",0.089,0.77,0.141,0.9982
122,"RT @TomTSEC: Due to global warming, it is currently -31C in Edmonton Alberta.",0.088,0.769,0.142,0.9982
123,"RT @keisfangs: #MHASpoilers #MHA374 #BNHA374 

not the todorokis causing global warming https://t.co/ylIW0tbajc",0.088,0.77,0.142,0.9983
124,"@Fleic_ My art is like global warming, getting hotter and piercing the ozone layer *ba-da tsssssss*",0.087,0.771,0.142,0.9983
125,RT @yourdrunkbuddy: @scottie1479 @BjornLomborg @JonahDispatch Irrelevant. The propoganda the warmers make is that the polar bear population‚Ä¶,0.088,0.77,0.142,0.9982
126,"@ZLabe @gcarbonproject Well, no matter how many beautiful graphics you show, the central tenent is still missing:

NO warming can be derived from a trace gas 

Thusly we can conclude that global warming and cooling stems from energy composition in earth‚Äôs surroundings

THE SUN/COSMOS

NOT humans https://t.co/qUR3aO1dWE",0.087,0.77,0.143,0.9986
127,"@MatthewWielicki Try 50 years. Is tall remember the oncoming ice age in the 70s, closely followed by global warming, ozone layer depletion etc. anything to screw governments funding ‚Äúclimate science ‚Äú",0.086,0.771,0.143,0.9987
129,"RT @tan123: For your copy/paste pleasure, here is some stuff that I like to say/tweet: 
CO2 is *not* the climate control knob.  It‚Äôs a poli‚Ä¶",0.087,0.77,0.143,0.9987
130,"RT @constantin_t: üíé ‚ÄúNo one has ever shown that human emissions of #CO2 drives global warming!‚Äù - Australian Geologist, Professor #IanPlime‚Ä¶",0.089,0.769,0.142,0.9985
131,"@TheDisproof @MatthewWielicki @Palaeo3D It if funny that a job you get paid to do that relies solely on climate change being real, that everything you put out points to ""Global warming"" meanwhile past historical records of the actual climate are being rewritten or deleted all being ""Homogenized"" to suit an agenda",0.089,0.769,0.142,0.9986
132,"RT @LionHearted76: The Green Agenda is Insane
üö®Oxfordshire City Council in England just approved a trial Climate Lockdown in 2024

To ‚Äòsave‚Ä¶",0.088,0.77,0.142,0.9986
133,"RT @Dad_At_Law: First voicemail, next up, global warming and then war. These kids are dead set on eliminating all of the world‚Äôs worst evil‚Ä¶",0.087,0.771,0.142,0.9986
134,@JamesMelville Would you have him ride a horse?  I doubt his plane travel is what's caused the catastrophe that is global warming.  But I guess you've nothing of substance to share.  Carry on.,0.087,0.771,0.142,0.9987
135,"@JustinTrudeau Stop allowing missiles to wreck atmosphere day in and day out! How much damage to oceans, to our planet, with bombs. North Korea and any country deciding to shooting of missiles, should pay carbon tax, a billion per inch. That‚Äôs the true cause of global warming. Grow trees notwar",0.086,0.773,0.141,0.9987
136,@TomTSEC @BlogerPisarz It's the worst kind of global warming with no symptomsü§°.,0.087,0.772,0.14,0.9985
137,global warming pls come thruüôè https://t.co/n4AikdzIiZ,0.088,0.769,0.143,0.9988
138,"RT @Tony40335450: @BernieSpofforth @joseyrobins Global Warming? Northern Hemisphere Snow Cover At 56-Year High.

Most mainstream media outl‚Ä¶",0.088,0.769,0.143,0.9987
139,"RT @TomTSEC: Due to global warming, it is currently -31C in Edmonton Alberta.",0.088,0.768,0.144,0.9988
140,RT @tealswag: nene accidentally accelerates global warming. asked to leave the theme park #prsk_FA #emunene https://t.co/j8SoXTw97d,0.088,0.769,0.143,0.9988
141,"@jrpsaki @WhiteHouse Awesome. 
Democrat control always makes America a better place for working people. 
Open borders, $4 a gallon gas, mandated vaccines, transgender theology, males in female locker rooms, global warming equity, &amp; endless mail in ballot harvesting. 
Who could ask for more.",0.087,0.77,0.143,0.9989
142,"@RealUtahMan @BjornLomborg The evidence is that humans are causing the current global warming, which is much more rapid than previous warming in the geological past. https://t.co/NPzsWwBplN",0.087,0.77,0.143,0.9989
143,"RT @4TR4iN: Simps who still believe in global warming should spend a  winter in Saskatchewan.

-45 C with wind chill tonight.

Thank God th‚Ä¶",0.089,0.769,0.142,0.9988
144,"""People still voted, so that means voter suppression doesn't exist"" is the ""it snowed in November, so that means there's no global warming"" of election-related political statements.

It's completely ignorant and ignores that systems contain multitudes. https://t.co/BaTWaiJRVO",0.089,0.769,0.142,0.9988
145,Global Warming is a total ass crack sandwich. Today is Pearl Harbour day &amp; I‚Äôm now off to cut some firewood for the elderly parents. Yup they‚Äôre ok yoday but had the fire going yesterday,0.091,0.767,0.142,0.9985
146,"RT @acamara0728: @easternair355 Never did.

Climate changes, constantly.

Ice Age, to warmer weather and after sometime  iceage again

This‚Ä¶",0.09,0.765,0.144,0.9988
147,"RT @TomTSEC: Due to global warming, it is currently -31C in Edmonton Alberta.",0.09,0.766,0.144,0.9988
148,"I shouldn't quote Kipling's If at the ABC's apostle, Paul Barry as he might wet his pants.
Andrew Bolt hits back at 'global warming crusader' Media Watch's Paul Barry https://t.co/KByCsZVWuI",0.09,0.766,0.144,0.9988
149,"@GBNEWS I've decided to believe in global warming now.....
Can I have some?",0.089,0.767,0.144,0.9989
150,"@KevinDewane @dandelafe Exactly; science controlled by the stock market . 
Doesn‚Äôt heat affect sex in chicks at birth?  If global warming  is real we will need some electrical air conditioning system to have less cocks i assume !?",0.09,0.767,0.144,0.9989
151,"@KellyCraftKY So does solar, wind, hydro-electric, and nuclear, all without increasing global warming and killing people.",0.091,0.766,0.143,0.9987
152,"RT @BigCityAndrew: ""Shut up and sit down... Global warming is the greatest fraud perpetrated on humanity"".

*explicit language* 

Wow this‚Ä¶",0.091,0.766,0.143,0.9988
153,"RT @UN: ‚ùåMyth: A few degrees of global warming are not a big deal. 

‚úÖFact: Every bit of warming worsens the impacts of the climate crisis‚Ä¶",0.09,0.766,0.143,0.9988
154,@CNN Finally some good news re: global warming?,0.09,0.767,0.143,0.9989
155,"RT @mtaibbi: I wonder how many people in relationships have tried the ‚ÄúI don‚Äôt want kids, but only because of global warming‚Äù line, and act‚Ä¶",0.09,0.767,0.143,0.9988
156,"RT @TomTSEC: Due to global warming, it is currently -31C in Edmonton Alberta.",0.09,0.767,0.143,0.9989
157,RT @KnKsnksm0: Global warming‚Ä¶ err cooling.. warming.. cooling.. warming.. cooling https://t.co/gGdoITCiNj,0.089,0.766,0.144,0.999
158,@kylenabecker Since it's inception in Ancient Greece politics and corruption has always been questioned. Rebranding Global Warming and predictions that don't come true don't help with climate deniers. Scientists have always decried other scientists work until proven right or wrong. So??????,0.09,0.766,0.144,0.999
159,@Xx17965797N Global Warming at it again.,0.089,0.767,0.144,0.999
160,those who cannot condemn the past are doomed to repeat is is something @billieeilish would say during a global warming crisis meeting.,0.091,0.766,0.143,0.9989
161,@TomTSEC -35 this morning with the wind -45. I had high hopes for global warming looks like it‚Äôs another pipe dream,0.09,0.765,0.144,0.999
162,"RT @TomTSEC: Due to global warming, it is currently -31C in Edmonton Alberta.",0.09,0.766,0.144,0.999
163,"RT @ogwausa: Will these 50-million-year-old mummies survive the ""climate crisis""?

Should you stop contributing to your 401k?

Tune in next‚Ä¶",0.09,0.767,0.143,0.999
164,The Oxfordshire Council in England is to trial  a climate lockdown starting in 2024. Planning to lock residents in one of the 6 zones to save the planet from global warming.,0.09,0.766,0.145,0.9991
165,"RT @LionHearted76: The Green Agenda is Insane
üö®Oxfordshire City Council in England just approved a trial Climate Lockdown in 2024

To ‚Äòsave‚Ä¶",0.089,0.764,0.147,0.9993
166,"RT @MGSchmelzer: Instead of relying on untested and potentially dangerous negative emission technologies that might not work at scale, the‚Ä¶",0.089,0.763,0.147,0.9993
167,@david_rooke_ @BjornLomborg There is plenty of evidence. The current global warming is much faster than previous warming periods in geological time. It can't be dismissed as natural variation. https://t.co/NPzsWwBplN,0.089,0.763,0.148,0.9994
168,"RT @TomTSEC: Due to global warming, it is currently -31C in Edmonton Alberta.",0.09,0.763,0.148,0.9994
170,"RT @coolbrookcole: @easternair355 Never did. It was the new ice age coming till it was global warming. Because if CO2. Which, of course, is‚Ä¶",0.089,0.764,0.147,0.9994
171,you know global warming is real when you're still finding stink bugs in your bedroom in december,0.089,0.765,0.147,0.9994
172,@Breaking911 It's interesting how these on-air medical emergencies are being normalized. Never saw that until the last couple of years. Maybe it's global warming?,0.088,0.764,0.147,0.9994
173,Some Good Global Warming Comments  ü§î https://t.co/31oXk7JcPW,0.088,0.765,0.147,0.9994
174,"RT @LionHearted76: The Green Agenda is Insane
üö®Oxfordshire City Council in England just approved a trial Climate Lockdown in 2024

To ‚Äòsave‚Ä¶",0.089,0.764,0.147,0.9994
175,"RT @constantin_t: üíé ‚ÄúNo one has ever shown that human emissions of #CO2 drives global warming!‚Äù - Australian Geologist, Professor #IanPlime‚Ä¶",0.088,0.765,0.147,0.9994
176,"1/2 Let‚Äôs assume that Global warming is happening. It‚Äôs not, but let‚Äôs assume it is and it is as dire as you can possibly imagine. 

Why is YOUR solution a Global-Tax-Ponzi-Casino-Gulag? 

Why is YOUR solution a Global System of SLAVERY? 

Why not #Liberty?",0.09,0.764,0.146,0.9994
177,"RT @CoachBalto: Global warming is coming for your cars, not those bicyclist wanting protected bike lanes.  https://t.co/JvgZcCZrH2",0.09,0.763,0.147,0.9994
180,RT @CanadaGray: @TomTSEC Due to global warming it is +7 in Toronto....yep just weather that means nothing about climate.,0.09,0.763,0.147,0.9994
182,"RT @ogwausa: Will these 50-million-year-old mummies survive the ""climate crisis""?

Should you stop contributing to your 401k?

Tune in next‚Ä¶",0.091,0.761,0.148,0.9994
183,"Shut up and listen. Given the scale of issues like global warming and epidemic disease, we shouldn't underestimate the importance of a can-do attitude to science rather than a can't-afford-it attitude. Die soon",0.091,0.761,0.148,0.9994
184,"@charlruto Can I join your campaign, I have an advanced degree  in converting carbon dioxide to chemical fuels using nanotechnology to mitigation global warming and climate change. I will be grateful for the opportunity.",0.091,0.762,0.148,0.9994
186,"Countries have spent decades and billions of dollars on infrastructure and technology that aids the production of renewable energy. We are here to help Pakistan pick up the pace and win the fight against global warming.

#BigChief #SolarPower #GoSolar #SaveThePlanet #Pakistan https://t.co/Gpqvbh70cg",0.09,0.761,0.149,0.9995
187,"@BoVanston @TomTSEC Well, it was -16 deg F (-27 deg C) 10 days ago in Willow, AK in November. So you can shove your global warming in Anchorage when it's now SNOWING (= milder temp.)
Try to impress someone else in the lower 48 with your melting glaciers!",0.089,0.761,0.15,0.9996
188,"RT @babyyakira: Fck me if I‚Äôm wrong , but global warming isn‚Äôt real https://t.co/aaTZunpk7g",0.089,0.762,0.149,0.9996
189,"RT @ogwausa: Will these 50-million-year-old mummies survive the ""climate crisis""?

Should you stop contributing to your 401k?

Tune in next‚Ä¶",0.089,0.761,0.15,0.9996
190,"@LeeTheCryptoKn1 @CBCNews The warmer it gets the nicer Canada will get, more C02 the bigger plants get that release more oxygen. Global warming can‚Äôt be stopped if the planet wants to heat up its not humans doing it one volcano eruption will dwarf all of human output",0.089,0.762,0.149,0.9996
191,"RT @constantin_t: üíé ‚ÄúNo one has ever shown that human emissions of #CO2 drives global warming!‚Äù - Australian Geologist, Professor #IanPlime‚Ä¶",0.089,0.762,0.149,0.9996
192,"RT @CoachBalto: Global warming is coming for your cars, not those bicyclist wanting protected bike lanes.  https://t.co/JvgZcCZrH2",0.089,0.762,0.149,0.9996
193,"RT @TomTSEC: Due to global warming, it is currently -31C in Edmonton Alberta.",0.089,0.763,0.149,0.9996
194,Without that global warming .....Edmonton would have been in  trouble ..... https://t.co/y2MW9pmx7B,0.088,0.764,0.148,0.9996
195,"RT @constantin_t: üíé ‚ÄúNo one has ever shown that human emissions of #CO2 drives global warming!‚Äù - Australian Geologist, Professor #IanPlime‚Ä¶",0.088,0.764,0.148,0.9996
196,@Merica_81 Babe we have to save the world by getting more boosters and I just donated the rest of our savings to fight the war in Ukraine. Ps global warming is trumps fault just confirmed. Knew it.,0.088,0.764,0.148,0.9996
197,"@GregorMacdonald Renewables going fwd have cost benefits which everyone is interested in. Renewables 2010-20 &amp; earlier were mostly driven by ideology (global warming concerns), not economics.  Non-buyers incl the many that disagreed with the ideology or agreed with it but refused the higher cost",0.087,0.765,0.148,0.9996
198,Global Warming To Activate Zombie¬†Viruses https://t.co/gklcXpxem9,0.087,0.765,0.148,0.9996
199,"RT @thehealthb0t: Spraying the skies with sulfate particles (chemtrails) will destroy the planet faster than ""global warming"" ever could.",0.087,0.766,0.148,0.9996
200,"Is It Hot Enough for You?: Global Warming Heats Up (24/7: Behind the Headlines Special Editions) J0EYHMH

https://t.co/MTwOW2rmQ1 https://t.co/QUTJDnOURF",0.087,0.765,0.148,0.9996
201,RT @ACCIONA_EN: Climate change denial has gone from rejecting scientific evidence to dodging taking urgent measures to halt global warming‚Ä¶,0.086,0.766,0.148,0.9996
202,"RT @BillSparow1: @QuentinDempster How good is Global Warming 
The world has warmed 1 degree C in the last 170 years. 
Climate death rate ha‚Ä¶",0.087,0.764,0.149,0.9996
203,"RT @TomTSEC: Due to global warming, it is currently -31C in Edmonton Alberta.",0.087,0.764,0.149,0.9996
205,@TomTSEC They changed it to Climate Change now to cover hot and cold. Global Warming wasn‚Äôt selling.,0.086,0.765,0.149,0.9997
206,@TIME Also noone cares about global warming. https://t.co/tCyVHm9Nnd,0.085,0.766,0.149,0.9997
208,"RT @tan123: For your copy/paste pleasure, here is some stuff that I like to say/tweet: 
CO2 is *not* the climate control knob.  It‚Äôs a poli‚Ä¶",0.088,0.764,0.148,0.9996
209,"RT @tan123: For your copy/paste pleasure, here is some stuff that I like to say/tweet: 
CO2 is *not* the climate control knob.  It‚Äôs a poli‚Ä¶",0.089,0.763,0.148,0.9996
210,"@Ingrown_nail @chair_this @Breaking911 I'm so old I remember when ""climate change"" was called ""global warming"". They had to pivot once we reached 2020 and Miami wasn't at the bottom of the ocean though.",0.09,0.763,0.147,0.9996
211,@juniperjadey The only global warming that‚Äôs acceptable,0.091,0.762,0.147,0.9995
213,"RT @ogwausa: Will these 50-million-year-old mummies survive the ""climate crisis""?

Should you stop contributing to your 401k?

Tune in next‚Ä¶",0.091,0.762,0.147,0.9995
215,"ORGANIZED FAMINE: Germany Orders Farmers to Slash Fertilizer After Dutch Government Shuts Down 3,000 Farms to Comply with Global Warming Goals https://t.co/bN33icvd8F via @gatewaypundit",0.091,0.762,0.147,0.9995
216,RT @JunkScience: November NASA satellite data in... still no warming since 2015... despite ~400 billion tons of manmade emissions and ~14%‚Ä¶,0.09,0.762,0.148,0.9996
217,"RT @wef: The 1.5¬∞C global warming limit is still within grasp ‚Äì here's how we can reach it #COP27 #Climate 

https://t.co/dR31Z6t4aE",0.09,0.762,0.148,0.9996
218,"RT @emungai_m: As a result of #climatechange, water is becoming more scarce in more places. In already water-stressed areas, global warming‚Ä¶",0.09,0.762,0.148,0.9996
219,"RT @TomTSEC: Due to global warming, it is currently -31C in Edmonton Alberta.",0.09,0.762,0.147,0.9996
220,Can‚Äôt beat a bit of global warming https://t.co/hap4zhZzCy,0.092,0.761,0.147,0.9996
221,"@MatthewWielicki @TheDisproof You mean YOU don't really understand clouds?
Perhaps you could learn from scientists who do the research?
eg

""Observational evidence that cloud feedback amplifies global warming"" (2021)

https://t.co/AfajMyj7Yl

Discussed:

https://t.co/PnTsJutBGi",0.091,0.762,0.147,0.9996
222,"RT @TomTSEC: Due to global warming, it is currently -31C in Edmonton Alberta.",0.091,0.762,0.147,0.9996
223,"RT @keisfangs: #MHASpoilers #MHA374 #BNHA374 

not the todorokis causing global warming https://t.co/ylIW0tbajc",0.091,0.763,0.147,0.9996
224,"@Fleic_ My art is like global warming, getting hotter and piercing the ozone layer *ba-da tsssssss*",0.09,0.763,0.147,0.9996
225,RT @yourdrunkbuddy: @scottie1479 @BjornLomborg @JonahDispatch Irrelevant. The propoganda the warmers make is that the polar bear population‚Ä¶,0.09,0.764,0.146,0.9996
226,"@ZLabe @gcarbonproject Well, no matter how many beautiful graphics you show, the central tenent is still missing:

NO warming can be derived from a trace gas 

Thusly we can conclude that global warming and cooling stems from energy composition in earth‚Äôs surroundings

THE SUN/COSMOS

NOT humans https://t.co/qUR3aO1dWE",0.091,0.764,0.146,0.9996
227,"@MatthewWielicki Try 50 years. Is tall remember the oncoming ice age in the 70s, closely followed by global warming, ozone layer depletion etc. anything to screw governments funding ‚Äúclimate science ‚Äú",0.091,0.762,0.147,0.9996
229,"RT @tan123: For your copy/paste pleasure, here is some stuff that I like to say/tweet: 
CO2 is *not* the climate control knob.  It‚Äôs a poli‚Ä¶",0.091,0.761,0.148,0.9996
230,"RT @constantin_t: üíé ‚ÄúNo one has ever shown that human emissions of #CO2 drives global warming!‚Äù - Australian Geologist, Professor #IanPlime‚Ä¶",0.091,0.762,0.147,0.9996
231,"@TheDisproof @MatthewWielicki @Palaeo3D It if funny that a job you get paid to do that relies solely on climate change being real, that everything you put out points to ""Global warming"" meanwhile past historical records of the actual climate are being rewritten or deleted all being ""Homogenized"" to suit an agenda",0.09,0.762,0.147,0.9996
232,"RT @LionHearted76: The Green Agenda is Insane
üö®Oxfordshire City Council in England just approved a trial Climate Lockdown in 2024

To ‚Äòsave‚Ä¶",0.09,0.763,0.147,0.9996
233,"RT @Dad_At_Law: First voicemail, next up, global warming and then war. These kids are dead set on eliminating all of the world‚Äôs worst evil‚Ä¶",0.091,0.762,0.147,0.9996
234,@JamesMelville Would you have him ride a horse?  I doubt his plane travel is what's caused the catastrophe that is global warming.  But I guess you've nothing of substance to share.  Carry on.,0.091,0.762,0.147,0.9996
235,"@JustinTrudeau Stop allowing missiles to wreck atmosphere day in and day out! How much damage to oceans, to our planet, with bombs. North Korea and any country deciding to shooting of missiles, should pay carbon tax, a billion per inch. That‚Äôs the true cause of global warming. Grow trees notwar",0.093,0.761,0.147,0.9996
236,@TomTSEC @BlogerPisarz It's the worst kind of global warming with no symptomsü§°.,0.092,0.76,0.148,0.9996
237,global warming pls come thruüôè https://t.co/n4AikdzIiZ,0.092,0.76,0.148,0.9996
238,"RT @Tony40335450: @BernieSpofforth @joseyrobins Global Warming? Northern Hemisphere Snow Cover At 56-Year High.

Most mainstream media outl‚Ä¶",0.092,0.76,0.147,0.9996
239,"RT @TomTSEC: Due to global warming, it is currently -31C in Edmonton Alberta.",0.092,0.761,0.148,0.9996
240,RT @tealswag: nene accidentally accelerates global warming. asked to leave the theme park #prsk_FA #emunene https://t.co/j8SoXTw97d,0.092,0.761,0.148,0.9996
241,"@jrpsaki @WhiteHouse Awesome. 
Democrat control always makes America a better place for working people. 
Open borders, $4 a gallon gas, mandated vaccines, transgender theology, males in female locker rooms, global warming equity, &amp; endless mail in ballot harvesting. 
Who could ask for more.",0.093,0.76,0.147,0.9996
242,"@RealUtahMan @BjornLomborg The evidence is that humans are causing the current global warming, which is much more rapid than previous warming in the geological past. https://t.co/NPzsWwBplN",0.092,0.76,0.147,0.9996
243,"RT @4TR4iN: Simps who still believe in global warming should spend a  winter in Saskatchewan.

-45 C with wind chill tonight.

Thank God th‚Ä¶",0.092,0.761,0.147,0.9996
244,"""People still voted, so that means voter suppression doesn't exist"" is the ""it snowed in November, so that means there's no global warming"" of election-related political statements.

It's completely ignorant and ignores that systems contain multitudes. https://t.co/BaTWaiJRVO",0.092,0.761,0.147,0.9996
245,Global Warming is a total ass crack sandwich. Today is Pearl Harbour day &amp; I‚Äôm now off to cut some firewood for the elderly parents. Yup they‚Äôre ok yoday but had the fire going yesterday,0.092,0.761,0.147,0.9996
246,"RT @acamara0728: @easternair355 Never did.

Climate changes, constantly.

Ice Age, to warmer weather and after sometime  iceage again

This‚Ä¶",0.092,0.761,0.147,0.9996
247,"RT @TomTSEC: Due to global warming, it is currently -31C in Edmonton Alberta.",0.092,0.761,0.148,0.9997
248,"I shouldn't quote Kipling's If at the ABC's apostle, Paul Barry as he might wet his pants.
Andrew Bolt hits back at 'global warming crusader' Media Watch's Paul Barry https://t.co/KByCsZVWuI",0.092,0.761,0.148,0.9997
249,"@GBNEWS I've decided to believe in global warming now.....
Can I have some?",0.091,0.761,0.147,0.9997
250,"@KevinDewane @dandelafe Exactly; science controlled by the stock market . 
Doesn‚Äôt heat affect sex in chicks at birth?  If global warming  is real we will need some electrical air conditioning system to have less cocks i assume !?",0.092,0.76,0.147,0.9996
251,"@KellyCraftKY So does solar, wind, hydro-electric, and nuclear, all without increasing global warming and killing people.",0.092,0.76,0.148,0.9997
252,"RT @BigCityAndrew: ""Shut up and sit down... Global warming is the greatest fraud perpetrated on humanity"".

*explicit language* 

Wow this‚Ä¶",0.092,0.761,0.148,0.9997
253,"RT @UN: ‚ùåMyth: A few degrees of global warming are not a big deal. 

‚úÖFact: Every bit of warming worsens the impacts of the climate crisis‚Ä¶",0.092,0.761,0.147,0.9997
254,@CNN Finally some good news re: global warming?,0.092,0.76,0.148,0.9997
255,"RT @mtaibbi: I wonder how many people in relationships have tried the ‚ÄúI don‚Äôt want kids, but only because of global warming‚Äù line, and act‚Ä¶",0.091,0.759,0.149,0.9997
256,"RT @TomTSEC: Due to global warming, it is currently -31C in Edmonton Alberta.",0.092,0.759,0.149,0.9997
257,RT @KnKsnksm0: Global warming‚Ä¶ err cooling.. warming.. cooling.. warming.. cooling https://t.co/gGdoITCiNj,0.091,0.759,0.15,0.9997
258,@kylenabecker Since it's inception in Ancient Greece politics and corruption has always been questioned. Rebranding Global Warming and predictions that don't come true don't help with climate deniers. Scientists have always decried other scientists work until proven right or wrong. So??????,0.092,0.758,0.15,0.9997
259,@Xx17965797N Global Warming at it again.,0.092,0.759,0.15,0.9997
260,those who cannot condemn the past are doomed to repeat is is something @billieeilish would say during a global warming crisis meeting.,0.091,0.759,0.15,0.9997
261,@TomTSEC -35 this morning with the wind -45. I had high hopes for global warming looks like it‚Äôs another pipe dream,0.091,0.76,0.149,0.9997
262,"RT @TomTSEC: Due to global warming, it is currently -31C in Edmonton Alberta.",0.091,0.76,0.15,0.9998
263,"RT @ogwausa: Will these 50-million-year-old mummies survive the ""climate crisis""?

Should you stop contributing to your 401k?

Tune in next‚Ä¶",0.091,0.76,0.15,0.9998
264,The Oxfordshire Council in England is to trial  a climate lockdown starting in 2024. Planning to lock residents in one of the 6 zones to save the planet from global warming.,0.091,0.76,0.149,0.9998
265,"RT @LionHearted76: The Green Agenda is Insane
üö®Oxfordshire City Council in England just approved a trial Climate Lockdown in 2024

To ‚Äòsave‚Ä¶",0.091,0.76,0.149,0.9998
266,"RT @MGSchmelzer: Instead of relying on untested and potentially dangerous negative emission technologies that might not work at scale, the‚Ä¶",0.092,0.759,0.149,0.9997
267,@david_rooke_ @BjornLomborg There is plenty of evidence. The current global warming is much faster than previous warming periods in geological time. It can't be dismissed as natural variation. https://t.co/NPzsWwBplN,0.092,0.759,0.149,0.9998
268,"RT @TomTSEC: Due to global warming, it is currently -31C in Edmonton Alberta.",0.092,0.759,0.149,0.9998
270,"RT @coolbrookcole: @easternair355 Never did. It was the new ice age coming till it was global warming. Because if CO2. Which, of course, is‚Ä¶",0.092,0.759,0.15,0.9998
271,you know global warming is real when you're still finding stink bugs in your bedroom in december,0.092,0.758,0.149,0.9997
272,@Breaking911 It's interesting how these on-air medical emergencies are being normalized. Never saw that until the last couple of years. Maybe it's global warming?,0.093,0.758,0.15,0.9998
273,Some Good Global Warming Comments  ü§î https://t.co/31oXk7JcPW,0.092,0.758,0.15,0.9998
274,"RT @LionHearted76: The Green Agenda is Insane
üö®Oxfordshire City Council in England just approved a trial Climate Lockdown in 2024

To ‚Äòsave‚Ä¶",0.092,0.758,0.15,0.9998
275,"RT @constantin_t: üíé ‚ÄúNo one has ever shown that human emissions of #CO2 drives global warming!‚Äù - Australian Geologist, Professor #IanPlime‚Ä¶",0.092,0.758,0.15,0.9998
276,"1/2 Let‚Äôs assume that Global warming is happening. It‚Äôs not, but let‚Äôs assume it is and it is as dire as you can possibly imagine. 

Why is YOUR solution a Global-Tax-Ponzi-Casino-Gulag? 

Why is YOUR solution a Global System of SLAVERY? 

Why not #Liberty?",0.092,0.758,0.151,0.9998
277,"RT @CoachBalto: Global warming is coming for your cars, not those bicyclist wanting protected bike lanes.  https://t.co/JvgZcCZrH2",0.091,0.757,0.151,0.9998
280,RT @CanadaGray: @TomTSEC Due to global warming it is +7 in Toronto....yep just weather that means nothing about climate.,0.091,0.758,0.151,0.9998
282,"RT @ogwausa: Will these 50-million-year-old mummies survive the ""climate crisis""?

Should you stop contributing to your 401k?

Tune in next‚Ä¶",0.091,0.759,0.15,0.9998
283,"Shut up and listen. Given the scale of issues like global warming and epidemic disease, we shouldn't underestimate the importance of a can-do attitude to science rather than a can't-afford-it attitude. Die soon",0.091,0.759,0.15,0.9998
284,"@charlruto Can I join your campaign, I have an advanced degree  in converting carbon dioxide to chemical fuels using nanotechnology to mitigation global warming and climate change. I will be grateful for the opportunity.",0.091,0.76,0.15,0.9998
286,"Countries have spent decades and billions of dollars on infrastructure and technology that aids the production of renewable energy. We are here to help Pakistan pick up the pace and win the fight against global warming.

#BigChief #SolarPower #GoSolar #SaveThePlanet #Pakistan https://t.co/Gpqvbh70cg",0.09,0.76,0.15,0.9998
287,"@BoVanston @TomTSEC Well, it was -16 deg F (-27 deg C) 10 days ago in Willow, AK in November. So you can shove your global warming in Anchorage when it's now SNOWING (= milder temp.)
Try to impress someone else in the lower 48 with your melting glaciers!",0.09,0.761,0.15,0.9998
288,"RT @babyyakira: Fck me if I‚Äôm wrong , but global warming isn‚Äôt real https://t.co/aaTZunpk7g",0.09,0.761,0.15,0.9998
289,"RT @ogwausa: Will these 50-million-year-old mummies survive the ""climate crisis""?

Should you stop contributing to your 401k?

Tune in next‚Ä¶",0.09,0.761,0.15,0.9998
290,"@LeeTheCryptoKn1 @CBCNews The warmer it gets the nicer Canada will get, more C02 the bigger plants get that release more oxygen. Global warming can‚Äôt be stopped if the planet wants to heat up its not humans doing it one volcano eruption will dwarf all of human output",0.089,0.761,0.15,0.9998
291,"RT @constantin_t: üíé ‚ÄúNo one has ever shown that human emissions of #CO2 drives global warming!‚Äù - Australian Geologist, Professor #IanPlime‚Ä¶",0.089,0.761,0.15,0.9998
292,"RT @CoachBalto: Global warming is coming for your cars, not those bicyclist wanting protected bike lanes.  https://t.co/JvgZcCZrH2",0.09,0.76,0.151,0.9998
293,"RT @TomTSEC: Due to global warming, it is currently -31C in Edmonton Alberta.",0.089,0.76,0.15,0.9998
294,Without that global warming .....Edmonton would have been in  trouble ..... https://t.co/y2MW9pmx7B,0.089,0.76,0.151,0.9998
295,"RT @constantin_t: üíé ‚ÄúNo one has ever shown that human emissions of #CO2 drives global warming!‚Äù - Australian Geologist, Professor #IanPlime‚Ä¶",0.089,0.761,0.15,0.9998
296,@Merica_81 Babe we have to save the world by getting more boosters and I just donated the rest of our savings to fight the war in Ukraine. Ps global warming is trumps fault just confirmed. Knew it.,0.088,0.762,0.15,0.9998
297,"@GregorMacdonald Renewables going fwd have cost benefits which everyone is interested in. Renewables 2010-20 &amp; earlier were mostly driven by ideology (global warming concerns), not economics.  Non-buyers incl the many that disagreed with the ideology or agreed with it but refused the higher cost",0.088,0.761,0.15,0.9998
298,Global Warming To Activate Zombie¬†Viruses https://t.co/gklcXpxem9,0.09,0.76,0.15,0.9998
299,"RT @thehealthb0t: Spraying the skies with sulfate particles (chemtrails) will destroy the planet faster than ""global warming"" ever could.",0.091,0.76,0.149,0.9998
300,"Is It Hot Enough for You?: Global Warming Heats Up (24/7: Behind the Headlines Special Editions) J0EYHMH

https://t.co/MTwOW2rmQ1 https://t.co/QUTJDnOURF",0.092,0.759,0.149,0.9998
301,RT @ACCIONA_EN: Climate change denial has gone from rejecting scientific evidence to dodging taking urgent measures to halt global warming‚Ä¶,0.093,0.759,0.149,0.9998
302,"RT @BillSparow1: @QuentinDempster How good is Global Warming 
The world has warmed 1 degree C in the last 170 years. 
Climate death rate ha‚Ä¶",0.093,0.758,0.149,0.9998
303,"RT @TomTSEC: Due to global warming, it is currently -31C in Edmonton Alberta.",0.092,0.759,0.149,0.9998
305,@TomTSEC They changed it to Climate Change now to cover hot and cold. Global Warming wasn‚Äôt selling.,0.092,0.759,0.149,0.9998
306,@TIME Also noone cares about global warming. https://t.co/tCyVHm9Nnd,0.092,0.759,0.149,0.9998
308,"RT @tan123: For your copy/paste pleasure, here is some stuff that I like to say/tweet: 
CO2 is *not* the climate control knob.  It‚Äôs a poli‚Ä¶",0.091,0.759,0.15,0.9998
309,"RT @tan123: For your copy/paste pleasure, here is some stuff that I like to say/tweet: 
CO2 is *not* the climate control knob.  It‚Äôs a poli‚Ä¶",0.092,0.759,0.149,0.9998
310,"@Ingrown_nail @chair_this @Breaking911 I'm so old I remember when ""climate change"" was called ""global warming"". They had to pivot once we reached 2020 and Miami wasn't at the bottom of the ocean though.",0.093,0.758,0.149,0.9998
311,@juniperjadey The only global warming that‚Äôs acceptable,0.092,0.759,0.149,0.9998
313,"RT @ogwausa: Will these 50-million-year-old mummies survive the ""climate crisis""?

Should you stop contributing to your 401k?

Tune in next‚Ä¶",0.092,0.759,0.149,0.9998
315,"ORGANIZED FAMINE: Germany Orders Farmers to Slash Fertilizer After Dutch Government Shuts Down 3,000 Farms to Comply with Global Warming Goals https://t.co/bN33icvd8F via @gatewaypundit",0.091,0.76,0.148,0.9998
316,RT @JunkScience: November NASA satellite data in... still no warming since 2015... despite ~400 billion tons of manmade emissions and ~14%‚Ä¶,0.092,0.76,0.148,0.9998
317,"RT @wef: The 1.5¬∞C global warming limit is still within grasp ‚Äì here's how we can reach it #COP27 #Climate 

https://t.co/dR31Z6t4aE",0.092,0.759,0.149,0.9998
318,"RT @emungai_m: As a result of #climatechange, water is becoming more scarce in more places. In already water-stressed areas, global warming‚Ä¶",0.092,0.759,0.149,0.9998
319,"RT @TomTSEC: Due to global warming, it is currently -31C in Edmonton Alberta.",0.092,0.758,0.149,0.9998
320,Can‚Äôt beat a bit of global warming https://t.co/hap4zhZzCy,0.092,0.759,0.149,0.9998
321,"@MatthewWielicki @TheDisproof You mean YOU don't really understand clouds?
Perhaps you could learn from scientists who do the research?
eg

""Observational evidence that cloud feedback amplifies global warming"" (2021)

https://t.co/AfajMyj7Yl

Discussed:

https://t.co/PnTsJutBGi",0.092,0.759,0.149,0.9998
322,"RT @TomTSEC: Due to global warming, it is currently -31C in Edmonton Alberta.",0.092,0.759,0.149,0.9998
323,"RT @keisfangs: #MHASpoilers #MHA374 #BNHA374 

not the todorokis causing global warming https://t.co/ylIW0tbajc",0.092,0.759,0.149,0.9998
324,"@Fleic_ My art is like global warming, getting hotter and piercing the ozone layer *ba-da tsssssss*",0.092,0.759,0.149,0.9998
325,RT @yourdrunkbuddy: @scottie1479 @BjornLomborg @JonahDispatch Irrelevant. The propoganda the warmers make is that the polar bear population‚Ä¶,0.093,0.758,0.149,0.9998
326,"@ZLabe @gcarbonproject Well, no matter how many beautiful graphics you show, the central tenent is still missing:

NO warming can be derived from a trace gas 

Thusly we can conclude that global warming and cooling stems from energy composition in earth‚Äôs surroundings

THE SUN/COSMOS

NOT humans https://t.co/qUR3aO1dWE",0.093,0.757,0.15,0.9998
327,"@MatthewWielicki Try 50 years. Is tall remember the oncoming ice age in the 70s, closely followed by global warming, ozone layer depletion etc. anything to screw governments funding ‚Äúclimate science ‚Äú",0.093,0.758,0.15,0.9998
329,"RT @tan123: For your copy/paste pleasure, here is some stuff that I like to say/tweet: 
CO2 is *not* the climate control knob.  It‚Äôs a poli‚Ä¶",0.093,0.758,0.149,0.9998
330,"RT @constantin_t: üíé ‚ÄúNo one has ever shown that human emissions of #CO2 drives global warming!‚Äù - Australian Geologist, Professor #IanPlime‚Ä¶",0.093,0.758,0.149,0.9998
331,"@TheDisproof @MatthewWielicki @Palaeo3D It if funny that a job you get paid to do that relies solely on climate change being real, that everything you put out points to ""Global warming"" meanwhile past historical records of the actual climate are being rewritten or deleted all being ""Homogenized"" to suit an agenda",0.094,0.758,0.149,0.9998
332,"RT @LionHearted76: The Green Agenda is Insane
üö®Oxfordshire City Council in England just approved a trial Climate Lockdown in 2024

To ‚Äòsave‚Ä¶",0.093,0.758,0.149,0.9998
333,"RT @Dad_At_Law: First voicemail, next up, global warming and then war. These kids are dead set on eliminating all of the world‚Äôs worst evil‚Ä¶",0.093,0.758,0.149,0.9998
334,@JamesMelville Would you have him ride a horse?  I doubt his plane travel is what's caused the catastrophe that is global warming.  But I guess you've nothing of substance to share.  Carry on.,0.093,0.758,0.149,0.9998
335,"@JustinTrudeau Stop allowing missiles to wreck atmosphere day in and day out! How much damage to oceans, to our planet, with bombs. North Korea and any country deciding to shooting of missiles, should pay carbon tax, a billion per inch. That‚Äôs the true cause of global warming. Grow trees notwar",0.093,0.758,0.149,0.9998
336,@TomTSEC @BlogerPisarz It's the worst kind of global warming with no symptomsü§°.,0.093,0.758,0.149,0.9998
337,global warming pls come thruüôè https://t.co/n4AikdzIiZ,0.093,0.758,0.149,0.9998
338,"RT @Tony40335450: @BernieSpofforth @joseyrobins Global Warming? Northern Hemisphere Snow Cover At 56-Year High.

Most mainstream media outl‚Ä¶",0.093,0.758,0.149,0.9998
339,"RT @TomTSEC: Due to global warming, it is currently -31C in Edmonton Alberta.",0.092,0.758,0.149,0.9998
340,RT @tealswag: nene accidentally accelerates global warming. asked to leave the theme park #prsk_FA #emunene https://t.co/j8SoXTw97d,0.093,0.758,0.149,0.9998
341,"@jrpsaki @WhiteHouse Awesome. 
Democrat control always makes America a better place for working people. 
Open borders, $4 a gallon gas, mandated vaccines, transgender theology, males in female locker rooms, global warming equity, &amp; endless mail in ballot harvesting. 
Who could ask for more.",0.093,0.758,0.149,0.9998
342,"@RealUtahMan @BjornLomborg The evidence is that humans are causing the current global warming, which is much more rapid than previous warming in the geological past. https://t.co/NPzsWwBplN",0.093,0.758,0.149,0.9998
343,"RT @4TR4iN: Simps who still believe in global warming should spend a  winter in Saskatchewan.

-45 C with wind chill tonight.

Thank God th‚Ä¶",0.093,0.758,0.149,0.9998
344,"""People still voted, so that means voter suppression doesn't exist"" is the ""it snowed in November, so that means there's no global warming"" of election-related political statements.

It's completely ignorant and ignores that systems contain multitudes. https://t.co/BaTWaiJRVO",0.093,0.758,0.149,0.9998
345,Global Warming is a total ass crack sandwich. Today is Pearl Harbour day &amp; I‚Äôm now off to cut some firewood for the elderly parents. Yup they‚Äôre ok yoday but had the fire going yesterday,0.092,0.757,0.15,0.9999
346,"RT @acamara0728: @easternair355 Never did.

Climate changes, constantly.

Ice Age, to warmer weather and after sometime  iceage again

This‚Ä¶",0.092,0.757,0.151,0.9999
347,"RT @TomTSEC: Due to global warming, it is currently -31C in Edmonton Alberta.",0.092,0.757,0.151,0.9999
348,"I shouldn't quote Kipling's If at the ABC's apostle, Paul Barry as he might wet his pants.
Andrew Bolt hits back at 'global warming crusader' Media Watch's Paul Barry https://t.co/KByCsZVWuI",0.092,0.757,0.151,0.9999
349,"@GBNEWS I've decided to believe in global warming now.....
Can I have some?",0.093,0.757,0.151,0.9999
350,"@KevinDewane @dandelafe Exactly; science controlled by the stock market . 
Doesn‚Äôt heat affect sex in chicks at birth?  If global warming  is real we will need some electrical air conditioning system to have less cocks i assume !?",0.092,0.757,0.151,0.9999
351,"@KellyCraftKY So does solar, wind, hydro-electric, and nuclear, all without increasing global warming and killing people.",0.092,0.758,0.15,0.9999
352,"RT @BigCityAndrew: ""Shut up and sit down... Global warming is the greatest fraud perpetrated on humanity"".

*explicit language* 

Wow this‚Ä¶",0.092,0.757,0.151,0.9999
353,"RT @UN: ‚ùåMyth: A few degrees of global warming are not a big deal. 

‚úÖFact: Every bit of warming worsens the impacts of the climate crisis‚Ä¶",0.092,0.758,0.151,0.9999
354,@CNN Finally some good news re: global warming?,0.092,0.757,0.151,0.9999
355,"RT @mtaibbi: I wonder how many people in relationships have tried the ‚ÄúI don‚Äôt want kids, but only because of global warming‚Äù line, and act‚Ä¶",0.092,0.758,0.15,0.9999
356,"RT @TomTSEC: Due to global warming, it is currently -31C in Edmonton Alberta.",0.093,0.757,0.15,0.9999
357,RT @KnKsnksm0: Global warming‚Ä¶ err cooling.. warming.. cooling.. warming.. cooling https://t.co/gGdoITCiNj,0.093,0.757,0.15,0.9999
358,@kylenabecker Since it's inception in Ancient Greece politics and corruption has always been questioned. Rebranding Global Warming and predictions that don't come true don't help with climate deniers. Scientists have always decried other scientists work until proven right or wrong. So??????,0.093,0.757,0.151,0.9999
359,@Xx17965797N Global Warming at it again.,0.093,0.757,0.15,0.9999
360,those who cannot condemn the past are doomed to repeat is is something @billieeilish would say during a global warming crisis meeting.,0.093,0.757,0.151,0.9999
361,@TomTSEC -35 this morning with the wind -45. I had high hopes for global warming looks like it‚Äôs another pipe dream,0.093,0.757,0.15,0.9999
362,"RT @TomTSEC: Due to global warming, it is currently -31C in Edmonton Alberta.",0.093,0.756,0.151,0.9999
363,"RT @ogwausa: Will these 50-million-year-old mummies survive the ""climate crisis""?

Should you stop contributing to your 401k?

Tune in next‚Ä¶",0.093,0.756,0.151,0.9999
364,The Oxfordshire Council in England is to trial  a climate lockdown starting in 2024. Planning to lock residents in one of the 6 zones to save the planet from global warming.,0.093,0.756,0.151,0.9999
365,"RT @LionHearted76: The Green Agenda is Insane
üö®Oxfordshire City Council in England just approved a trial Climate Lockdown in 2024

To ‚Äòsave‚Ä¶",0.093,0.756,0.151,0.9999
366,"RT @MGSchmelzer: Instead of relying on untested and potentially dangerous negative emission technologies that might not work at scale, the‚Ä¶",0.093,0.756,0.152,0.9999
367,@david_rooke_ @BjornLomborg There is plenty of evidence. The current global warming is much faster than previous warming periods in geological time. It can't be dismissed as natural variation. https://t.co/NPzsWwBplN,0.092,0.756,0.152,0.9999
368,"RT @TomTSEC: Due to global warming, it is currently -31C in Edmonton Alberta.",0.092,0.756,0.152,0.9999
370,"RT @coolbrookcole: @easternair355 Never did. It was the new ice age coming till it was global warming. Because if CO2. Which, of course, is‚Ä¶",0.092,0.756,0.152,0.9999
371,you know global warming is real when you're still finding stink bugs in your bedroom in december,0.092,0.757,0.151,0.9999
372,@Breaking911 It's interesting how these on-air medical emergencies are being normalized. Never saw that until the last couple of years. Maybe it's global warming?,0.092,0.757,0.151,0.9999
373,Some Good Global Warming Comments  ü§î https://t.co/31oXk7JcPW,0.092,0.757,0.151,0.9999
374,"RT @LionHearted76: The Green Agenda is Insane
üö®Oxfordshire City Council in England just approved a trial Climate Lockdown in 2024

To ‚Äòsave‚Ä¶",0.092,0.757,0.151,0.9999
375,"RT @constantin_t: üíé ‚ÄúNo one has ever shown that human emissions of #CO2 drives global warming!‚Äù - Australian Geologist, Professor #IanPlime‚Ä¶",0.092,0.758,0.151,0.9999
376,"1/2 Let‚Äôs assume that Global warming is happening. It‚Äôs not, but let‚Äôs assume it is and it is as dire as you can possibly imagine. 

Why is YOUR solution a Global-Tax-Ponzi-Casino-Gulag? 

Why is YOUR solution a Global System of SLAVERY? 

Why not #Liberty?",0.091,0.758,0.151,0.9999
377,"RT @CoachBalto: Global warming is coming for your cars, not those bicyclist wanting protected bike lanes.  https://t.co/JvgZcCZrH2",0.091,0.758,0.151,0.9999
380,RT @CanadaGray: @TomTSEC Due to global warming it is +7 in Toronto....yep just weather that means nothing about climate.,0.091,0.758,0.151,0.9999
382,"RT @ogwausa: Will these 50-million-year-old mummies survive the ""climate crisis""?

Should you stop contributing to your 401k?

Tune in next‚Ä¶",0.091,0.758,0.151,0.9999
383,"Shut up and listen. Given the scale of issues like global warming and epidemic disease, we shouldn't underestimate the importance of a can-do attitude to science rather than a can't-afford-it attitude. Die soon",0.091,0.758,0.151,0.9999
384,"@charlruto Can I join your campaign, I have an advanced degree  in converting carbon dioxide to chemical fuels using nanotechnology to mitigation global warming and climate change. I will be grateful for the opportunity.",0.091,0.758,0.152,0.9999
386,"Countries have spent decades and billions of dollars on infrastructure and technology that aids the production of renewable energy. We are here to help Pakistan pick up the pace and win the fight against global warming.

#BigChief #SolarPower #GoSolar #SaveThePlanet #Pakistan https://t.co/Gpqvbh70cg",0.09,0.759,0.151,0.9999
387,"@BoVanston @TomTSEC Well, it was -16 deg F (-27 deg C) 10 days ago in Willow, AK in November. So you can shove your global warming in Anchorage when it's now SNOWING (= milder temp.)
Try to impress someone else in the lower 48 with your melting glaciers!",0.09,0.759,0.151,0.9999
388,"RT @babyyakira: Fck me if I‚Äôm wrong , but global warming isn‚Äôt real https://t.co/aaTZunpk7g",0.091,0.758,0.151,0.9999
389,"RT @ogwausa: Will these 50-million-year-old mummies survive the ""climate crisis""?

Should you stop contributing to your 401k?

Tune in next‚Ä¶",0.092,0.758,0.15,0.9999
390,"@LeeTheCryptoKn1 @CBCNews The warmer it gets the nicer Canada will get, more C02 the bigger plants get that release more oxygen. Global warming can‚Äôt be stopped if the planet wants to heat up its not humans doing it one volcano eruption will dwarf all of human output",0.093,0.757,0.15,0.9999
391,"RT @constantin_t: üíé ‚ÄúNo one has ever shown that human emissions of #CO2 drives global warming!‚Äù - Australian Geologist, Professor #IanPlime‚Ä¶",0.093,0.757,0.15,0.9999
392,"RT @CoachBalto: Global warming is coming for your cars, not those bicyclist wanting protected bike lanes.  https://t.co/JvgZcCZrH2",0.093,0.757,0.15,0.9999
393,"RT @TomTSEC: Due to global warming, it is currently -31C in Edmonton Alberta.",0.093,0.757,0.15,0.9999
394,Without that global warming .....Edmonton would have been in  trouble ..... https://t.co/y2MW9pmx7B,0.093,0.757,0.15,0.9999
395,"RT @constantin_t: üíé ‚ÄúNo one has ever shown that human emissions of #CO2 drives global warming!‚Äù - Australian Geologist, Professor #IanPlime‚Ä¶",0.093,0.757,0.15,0.9999
396,@Merica_81 Babe we have to save the world by getting more boosters and I just donated the rest of our savings to fight the war in Ukraine. Ps global warming is trumps fault just confirmed. Knew it.,0.093,0.757,0.15,0.9999
397,"@GregorMacdonald Renewables going fwd have cost benefits which everyone is interested in. Renewables 2010-20 &amp; earlier were mostly driven by ideology (global warming concerns), not economics.  Non-buyers incl the many that disagreed with the ideology or agreed with it but refused the higher cost",0.092,0.757,0.15,0.9999
398,Global Warming To Activate Zombie¬†Viruses https://t.co/gklcXpxem9,0.092,0.757,0.151,0.9999
399,"RT @thehealthb0t: Spraying the skies with sulfate particles (chemtrails) will destroy the planet faster than ""global warming"" ever could.",0.093,0.757,0.15,0.9999
400,"Is It Hot Enough for You?: Global Warming Heats Up (24/7: Behind the Headlines Special Editions) J0EYHMH

https://t.co/MTwOW2rmQ1 https://t.co/QUTJDnOURF",0.093,0.757,0.15,0.9999
401,RT @ACCIONA_EN: Climate change denial has gone from rejecting scientific evidence to dodging taking urgent measures to halt global warming‚Ä¶,0.093,0.757,0.15,0.9999
402,"RT @BillSparow1: @QuentinDempster How good is Global Warming 
The world has warmed 1 degree C in the last 170 years. 
Climate death rate ha‚Ä¶",0.093,0.757,0.15,0.9999
403,"RT @TomTSEC: Due to global warming, it is currently -31C in Edmonton Alberta.",0.093,0.757,0.15,0.9999
405,@TomTSEC They changed it to Climate Change now to cover hot and cold. Global Warming wasn‚Äôt selling.,0.092,0.758,0.149,0.9999
406,@TIME Also noone cares about global warming. https://t.co/tCyVHm9Nnd,0.093,0.758,0.149,0.9999
408,"RT @tan123: For your copy/paste pleasure, here is some stuff that I like to say/tweet: 
CO2 is *not* the climate control knob.  It‚Äôs a poli‚Ä¶",0.093,0.757,0.15,0.9999
409,"RT @tan123: For your copy/paste pleasure, here is some stuff that I like to say/tweet: 
CO2 is *not* the climate control knob.  It‚Äôs a poli‚Ä¶",0.093,0.757,0.15,0.9999
410,"@Ingrown_nail @chair_this @Breaking911 I'm so old I remember when ""climate change"" was called ""global warming"". They had to pivot once we reached 2020 and Miami wasn't at the bottom of the ocean though.",0.093,0.757,0.15,0.9999
411,@juniperjadey The only global warming that‚Äôs acceptable,0.093,0.757,0.15,0.9999
413,"RT @ogwausa: Will these 50-million-year-old mummies survive the ""climate crisis""?

Should you stop contributing to your 401k?

Tune in next‚Ä¶",0.093,0.757,0.15,0.9999
415,"ORGANIZED FAMINE: Germany Orders Farmers to Slash Fertilizer After Dutch Government Shuts Down 3,000 Farms to Comply with Global Warming Goals https://t.co/bN33icvd8F via @gatewaypundit",0.094,0.756,0.15,0.9999
416,RT @JunkScience: November NASA satellite data in... still no warming since 2015... despite ~400 billion tons of manmade emissions and ~14%‚Ä¶,0.094,0.756,0.151,0.9999
417,"RT @wef: The 1.5¬∞C global warming limit is still within grasp ‚Äì here's how we can reach it #COP27 #Climate 

https://t.co/dR31Z6t4aE",0.093,0.756,0.151,0.9999
418,"RT @emungai_m: As a result of #climatechange, water is becoming more scarce in more places. In already water-stressed areas, global warming‚Ä¶",0.093,0.756,0.15,0.9999
419,"RT @TomTSEC: Due to global warming, it is currently -31C in Edmonton Alberta.",0.093,0.756,0.15,0.9999
420,Can‚Äôt beat a bit of global warming https://t.co/hap4zhZzCy,0.093,0.756,0.15,0.9999
421,"@MatthewWielicki @TheDisproof You mean YOU don't really understand clouds?
Perhaps you could learn from scientists who do the research?
eg

""Observational evidence that cloud feedback amplifies global warming"" (2021)

https://t.co/AfajMyj7Yl

Discussed:

https://t.co/PnTsJutBGi",0.094,0.756,0.15,0.9999
422,"RT @TomTSEC: Due to global warming, it is currently -31C in Edmonton Alberta.",0.094,0.756,0.15,0.9999
423,"RT @keisfangs: #MHASpoilers #MHA374 #BNHA374 

not the todorokis causing global warming https://t.co/ylIW0tbajc",0.093,0.756,0.15,0.9999
424,"@Fleic_ My art is like global warming, getting hotter and piercing the ozone layer *ba-da tsssssss*",0.093,0.757,0.15,0.9999
425,RT @yourdrunkbuddy: @scottie1479 @BjornLomborg @JonahDispatch Irrelevant. The propoganda the warmers make is that the polar bear population‚Ä¶,0.093,0.757,0.15,0.9999
426,"@ZLabe @gcarbonproject Well, no matter how many beautiful graphics you show, the central tenent is still missing:

NO warming can be derived from a trace gas 

Thusly we can conclude that global warming and cooling stems from energy composition in earth‚Äôs surroundings

THE SUN/COSMOS

NOT humans https://t.co/qUR3aO1dWE",0.093,0.757,0.15,0.9999
427,"@MatthewWielicki Try 50 years. Is tall remember the oncoming ice age in the 70s, closely followed by global warming, ozone layer depletion etc. anything to screw governments funding ‚Äúclimate science ‚Äú",0.093,0.757,0.15,0.9999
429,"RT @tan123: For your copy/paste pleasure, here is some stuff that I like to say/tweet: 
CO2 is *not* the climate control knob.  It‚Äôs a poli‚Ä¶",0.093,0.757,0.15,0.9999
430,"RT @constantin_t: üíé ‚ÄúNo one has ever shown that human emissions of #CO2 drives global warming!‚Äù - Australian Geologist, Professor #IanPlime‚Ä¶",0.094,0.756,0.15,0.9999
431,"@TheDisproof @MatthewWielicki @Palaeo3D It if funny that a job you get paid to do that relies solely on climate change being real, that everything you put out points to ""Global warming"" meanwhile past historical records of the actual climate are being rewritten or deleted all being ""Homogenized"" to suit an agenda",0.093,0.756,0.15,0.9999
432,"RT @LionHearted76: The Green Agenda is Insane
üö®Oxfordshire City Council in England just approved a trial Climate Lockdown in 2024

To ‚Äòsave‚Ä¶",0.093,0.757,0.15,0.9999
433,"RT @Dad_At_Law: First voicemail, next up, global warming and then war. These kids are dead set on eliminating all of the world‚Äôs worst evil‚Ä¶",0.093,0.757,0.15,0.9999
434,@JamesMelville Would you have him ride a horse?  I doubt his plane travel is what's caused the catastrophe that is global warming.  But I guess you've nothing of substance to share.  Carry on.,0.093,0.756,0.15,0.9999
435,"@JustinTrudeau Stop allowing missiles to wreck atmosphere day in and day out! How much damage to oceans, to our planet, with bombs. North Korea and any country deciding to shooting of missiles, should pay carbon tax, a billion per inch. That‚Äôs the true cause of global warming. Grow trees notwar",0.093,0.756,0.151,0.9999
436,@TomTSEC @BlogerPisarz It's the worst kind of global warming with no symptomsü§°.,0.093,0.756,0.151,0.9999
437,global warming pls come thruüôè https://t.co/n4AikdzIiZ,0.093,0.756,0.152,0.9999
438,"RT @Tony40335450: @BernieSpofforth @joseyrobins Global Warming? Northern Hemisphere Snow Cover At 56-Year High.

Most mainstream media outl‚Ä¶",0.093,0.755,0.152,0.9999
439,"RT @TomTSEC: Due to global warming, it is currently -31C in Edmonton Alberta.",0.093,0.756,0.151,0.9999
440,RT @tealswag: nene accidentally accelerates global warming. asked to leave the theme park #prsk_FA #emunene https://t.co/j8SoXTw97d,0.093,0.756,0.151,0.9999
441,"@jrpsaki @WhiteHouse Awesome. 
Democrat control always makes America a better place for working people. 
Open borders, $4 a gallon gas, mandated vaccines, transgender theology, males in female locker rooms, global warming equity, &amp; endless mail in ballot harvesting. 
Who could ask for more.",0.093,0.756,0.151,0.9999
442,"@RealUtahMan @BjornLomborg The evidence is that humans are causing the current global warming, which is much more rapid than previous warming in the geological past. https://t.co/NPzsWwBplN",0.093,0.756,0.151,0.9999
443,"RT @4TR4iN: Simps who still believe in global warming should spend a  winter in Saskatchewan.

-45 C with wind chill tonight.

Thank God th‚Ä¶",0.092,0.756,0.151,0.9999
444,"""People still voted, so that means voter suppression doesn't exist"" is the ""it snowed in November, so that means there's no global warming"" of election-related political statements.

It's completely ignorant and ignores that systems contain multitudes. https://t.co/BaTWaiJRVO",0.093,0.756,0.151,0.9999
445,Global Warming is a total ass crack sandwich. Today is Pearl Harbour day &amp; I‚Äôm now off to cut some firewood for the elderly parents. Yup they‚Äôre ok yoday but had the fire going yesterday,0.093,0.756,0.151,0.9999
446,"RT @acamara0728: @easternair355 Never did.

Climate changes, constantly.

Ice Age, to warmer weather and after sometime  iceage again

This‚Ä¶",0.093,0.756,0.151,0.9999
447,"RT @TomTSEC: Due to global warming, it is currently -31C in Edmonton Alberta.",0.093,0.756,0.151,0.9999
448,"I shouldn't quote Kipling's If at the ABC's apostle, Paul Barry as he might wet his pants.
Andrew Bolt hits back at 'global warming crusader' Media Watch's Paul Barry https://t.co/KByCsZVWuI",0.093,0.756,0.151,0.9999
449,"@GBNEWS I've decided to believe in global warming now.....
Can I have some?",0.093,0.756,0.151,0.9999
450,"@KevinDewane @dandelafe Exactly; science controlled by the stock market . 
Doesn‚Äôt heat affect sex in chicks at birth?  If global warming  is real we will need some electrical air conditioning system to have less cocks i assume !?",0.093,0.756,0.151,0.9999
451,"@KellyCraftKY So does solar, wind, hydro-electric, and nuclear, all without increasing global warming and killing people.",0.093,0.756,0.151,0.9999
452,"RT @BigCityAndrew: ""Shut up and sit down... Global warming is the greatest fraud perpetrated on humanity"".

*explicit language* 

Wow this‚Ä¶",0.093,0.755,0.151,0.9999
453,"RT @UN: ‚ùåMyth: A few degrees of global warming are not a big deal. 

‚úÖFact: Every bit of warming worsens the impacts of the climate crisis‚Ä¶",0.094,0.755,0.151,0.9999
454,@CNN Finally some good news re: global warming?,0.093,0.755,0.151,0.9999
455,"RT @mtaibbi: I wonder how many people in relationships have tried the ‚ÄúI don‚Äôt want kids, but only because of global warming‚Äù line, and act‚Ä¶",0.093,0.755,0.151,0.9999
456,"RT @TomTSEC: Due to global warming, it is currently -31C in Edmonton Alberta.",0.093,0.755,0.152,0.9999
457,RT @KnKsnksm0: Global warming‚Ä¶ err cooling.. warming.. cooling.. warming.. cooling https://t.co/gGdoITCiNj,0.093,0.755,0.152,0.9999
458,@kylenabecker Since it's inception in Ancient Greece politics and corruption has always been questioned. Rebranding Global Warming and predictions that don't come true don't help with climate deniers. Scientists have always decried other scientists work until proven right or wrong. So??????,0.093,0.755,0.152,0.9999
459,@Xx17965797N Global Warming at it again.,0.093,0.755,0.152,0.9999
460,those who cannot condemn the past are doomed to repeat is is something @billieeilish would say during a global warming crisis meeting.,0.092,0.755,0.152,0.9999
461,@TomTSEC -35 this morning with the wind -45. I had high hopes for global warming looks like it‚Äôs another pipe dream,0.093,0.755,0.152,0.9999
462,"RT @TomTSEC: Due to global warming, it is currently -31C in Edmonton Alberta.",0.093,0.756,0.152,0.9999
463,"RT @ogwausa: Will these 50-million-year-old mummies survive the ""climate crisis""?

Should you stop contributing to your 401k?

Tune in next‚Ä¶",0.093,0.756,0.152,0.9999
464,The Oxfordshire Council in England is to trial  a climate lockdown starting in 2024. Planning to lock residents in one of the 6 zones to save the planet from global warming.,0.092,0.756,0.152,0.9999
465,"RT @LionHearted76: The Green Agenda is Insane
üö®Oxfordshire City Council in England just approved a trial Climate Lockdown in 2024

To ‚Äòsave‚Ä¶",0.092,0.756,0.151,0.9999
466,"RT @MGSchmelzer: Instead of relying on untested and potentially dangerous negative emission technologies that might not work at scale, the‚Ä¶",0.092,0.756,0.151,0.9999
467,@david_rooke_ @BjornLomborg There is plenty of evidence. The current global warming is much faster than previous warming periods in geological time. It can't be dismissed as natural variation. https://t.co/NPzsWwBplN,0.092,0.756,0.152,0.9999
468,"RT @TomTSEC: Due to global warming, it is currently -31C in Edmonton Alberta.",0.092,0.757,0.151,0.9999
470,"RT @coolbrookcole: @easternair355 Never did. It was the new ice age coming till it was global warming. Because if CO2. Which, of course, is‚Ä¶",0.092,0.757,0.151,0.9999
471,you know global warming is real when you're still finding stink bugs in your bedroom in december,0.092,0.757,0.151,0.9999
472,@Breaking911 It's interesting how these on-air medical emergencies are being normalized. Never saw that until the last couple of years. Maybe it's global warming?,0.091,0.757,0.151,0.9999
473,Some Good Global Warming Comments  ü§î https://t.co/31oXk7JcPW,0.092,0.756,0.152,0.9999
474,"RT @LionHearted76: The Green Agenda is Insane
üö®Oxfordshire City Council in England just approved a trial Climate Lockdown in 2024

To ‚Äòsave‚Ä¶",0.092,0.757,0.152,0.9999
475,"RT @constantin_t: üíé ‚ÄúNo one has ever shown that human emissions of #CO2 drives global warming!‚Äù - Australian Geologist, Professor #IanPlime‚Ä¶",0.091,0.757,0.152,0.9999
476,"1/2 Let‚Äôs assume that Global warming is happening. It‚Äôs not, but let‚Äôs assume it is and it is as dire as you can possibly imagine. 

Why is YOUR solution a Global-Tax-Ponzi-Casino-Gulag? 

Why is YOUR solution a Global System of SLAVERY? 

Why not #Liberty?",0.091,0.757,0.152,0.9999
477,"RT @CoachBalto: Global warming is coming for your cars, not those bicyclist wanting protected bike lanes.  https://t.co/JvgZcCZrH2",0.091,0.758,0.152,0.9999
480,RT @CanadaGray: @TomTSEC Due to global warming it is +7 in Toronto....yep just weather that means nothing about climate.,0.092,0.756,0.151,0.9999
482,"RT @ogwausa: Will these 50-million-year-old mummies survive the ""climate crisis""?

Should you stop contributing to your 401k?

Tune in next‚Ä¶",0.094,0.756,0.151,0.9999
483,"Shut up and listen. Given the scale of issues like global warming and epidemic disease, we shouldn't underestimate the importance of a can-do attitude to science rather than a can't-afford-it attitude. Die soon",0.093,0.756,0.151,0.9999
484,"@charlruto Can I join your campaign, I have an advanced degree  in converting carbon dioxide to chemical fuels using nanotechnology to mitigation global warming and climate change. I will be grateful for the opportunity.",0.093,0.756,0.151,0.9999
486,"Countries have spent decades and billions of dollars on infrastructure and technology that aids the production of renewable energy. We are here to help Pakistan pick up the pace and win the fight against global warming.

#BigChief #SolarPower #GoSolar #SaveThePlanet #Pakistan https://t.co/Gpqvbh70cg",0.093,0.756,0.151,0.9999
487,"@BoVanston @TomTSEC Well, it was -16 deg F (-27 deg C) 10 days ago in Willow, AK in November. So you can shove your global warming in Anchorage when it's now SNOWING (= milder temp.)
Try to impress someone else in the lower 48 with your melting glaciers!",0.093,0.756,0.151,0.9999
488,"RT @babyyakira: Fck me if I‚Äôm wrong , but global warming isn‚Äôt real https://t.co/aaTZunpk7g",0.093,0.756,0.151,0.9999
489,"RT @ogwausa: Will these 50-million-year-old mummies survive the ""climate crisis""?

Should you stop contributing to your 401k?

Tune in next‚Ä¶",0.093,0.756,0.151,0.9999
490,"@LeeTheCryptoKn1 @CBCNews The warmer it gets the nicer Canada will get, more C02 the bigger plants get that release more oxygen. Global warming can‚Äôt be stopped if the planet wants to heat up its not humans doing it one volcano eruption will dwarf all of human output",0.093,0.756,0.151,0.9999
491,"RT @constantin_t: üíé ‚ÄúNo one has ever shown that human emissions of #CO2 drives global warming!‚Äù - Australian Geologist, Professor #IanPlime‚Ä¶",0.094,0.756,0.151,0.9999
492,"RT @CoachBalto: Global warming is coming for your cars, not those bicyclist wanting protected bike lanes.  https://t.co/JvgZcCZrH2",0.093,0.756,0.151,0.9999
493,"RT @TomTSEC: Due to global warming, it is currently -31C in Edmonton Alberta.",0.093,0.756,0.151,0.9999
494,Without that global warming .....Edmonton would have been in  trouble ..... https://t.co/y2MW9pmx7B,0.093,0.756,0.151,0.9999
495,"RT @constantin_t: üíé ‚ÄúNo one has ever shown that human emissions of #CO2 drives global warming!‚Äù - Australian Geologist, Professor #IanPlime‚Ä¶",0.093,0.756,0.151,0.9999
496,@Merica_81 Babe we have to save the world by getting more boosters and I just donated the rest of our savings to fight the war in Ukraine. Ps global warming is trumps fault just confirmed. Knew it.,0.093,0.757,0.15,0.9999
497,"@GregorMacdonald Renewables going fwd have cost benefits which everyone is interested in. Renewables 2010-20 &amp; earlier were mostly driven by ideology (global warming concerns), not economics.  Non-buyers incl the many that disagreed with the ideology or agreed with it but refused the higher cost",0.093,0.757,0.15,0.9999
498,Global Warming To Activate Zombie¬†Viruses https://t.co/gklcXpxem9,0.093,0.756,0.151,0.9999
499,"RT @thehealthb0t: Spraying the skies with sulfate particles (chemtrails) will destroy the planet faster than ""global warming"" ever could.",0.093,0.756,0.151,0.9999
500,@Breaking911 Dehydration is the subtle way of claiming global warming.,0.093,0.756,0.151,0.9999
501,"Is It Hot Enough for You?: Global Warming Heats Up (24/7: Behind the Headlines Special Editions) J0EYHMH

https://t.co/MTwOW2rmQ1 https://t.co/QUTJDnOURF",0.093,0.756,0.151,0.9999
502,RT @ACCIONA_EN: Climate change denial has gone from rejecting scientific evidence to dodging taking urgent measures to halt global warming‚Ä¶,0.093,0.756,0.151,0.9999
503,"RT @BillSparow1: @QuentinDempster How good is Global Warming 
The world has warmed 1 degree C in the last 170 years. 
Climate death rate ha‚Ä¶",0.093,0.756,0.151,0.9999
504,"RT @TomTSEC: Due to global warming, it is currently -31C in Edmonton Alberta.",0.093,0.756,0.151,0.9999
506,@TomTSEC They changed it to Climate Change now to cover hot and cold. Global Warming wasn‚Äôt selling.,0.094,0.755,0.151,0.9999
507,@TIME Also noone cares about global warming. https://t.co/tCyVHm9Nnd,0.094,0.755,0.151,0.9999
509,"RT @tan123: For your copy/paste pleasure, here is some stuff that I like to say/tweet: 
CO2 is *not* the climate control knob.  It‚Äôs a poli‚Ä¶",0.094,0.755,0.151,0.9999
510,"RT @tan123: For your copy/paste pleasure, here is some stuff that I like to say/tweet: 
CO2 is *not* the climate control knob.  It‚Äôs a poli‚Ä¶",0.093,0.756,0.151,0.9999
511,"@Ingrown_nail @chair_this @Breaking911 I'm so old I remember when ""climate change"" was called ""global warming"". They had to pivot once we reached 2020 and Miami wasn't at the bottom of the ocean though.",0.094,0.755,0.151,0.9999
512,@juniperjadey The only global warming that‚Äôs acceptable,0.094,0.755,0.151,0.9999
514,"RT @ogwausa: Will these 50-million-year-old mummies survive the ""climate crisis""?

Should you stop contributing to your 401k?

Tune in next‚Ä¶",0.094,0.755,0.151,0.9999
516,"ORGANIZED FAMINE: Germany Orders Farmers to Slash Fertilizer After Dutch Government Shuts Down 3,000 Farms to Comply with Global Warming Goals https://t.co/bN33icvd8F via @gatewaypundit",0.094,0.756,0.151,0.9999
517,RT @JunkScience: November NASA satellite data in... still no warming since 2015... despite ~400 billion tons of manmade emissions and ~14%‚Ä¶,0.093,0.756,0.151,0.9999
518,"RT @wef: The 1.5¬∞C global warming limit is still within grasp ‚Äì here's how we can reach it #COP27 #Climate 

https://t.co/dR31Z6t4aE",0.093,0.756,0.151,0.9999
519,"RT @emungai_m: As a result of #climatechange, water is becoming more scarce in more places. In already water-stressed areas, global warming‚Ä¶",0.093,0.756,0.151,0.9999
520,"RT @TomTSEC: Due to global warming, it is currently -31C in Edmonton Alberta.",0.093,0.756,0.151,0.9999
521,Can‚Äôt beat a bit of global warming https://t.co/hap4zhZzCy,0.094,0.755,0.151,0.9999
522,"@MatthewWielicki @TheDisproof You mean YOU don't really understand clouds?
Perhaps you could learn from scientists who do the research?
eg

""Observational evidence that cloud feedback amplifies global warming"" (2021)

https://t.co/AfajMyj7Yl

Discussed:

https://t.co/PnTsJutBGi",0.094,0.755,0.151,0.9999
523,"RT @TomTSEC: Due to global warming, it is currently -31C in Edmonton Alberta.",0.094,0.756,0.151,0.9999
524,"RT @keisfangs: #MHASpoilers #MHA374 #BNHA374 

not the todorokis causing global warming https://t.co/ylIW0tbajc",0.094,0.756,0.151,0.9999
525,"@Fleic_ My art is like global warming, getting hotter and piercing the ozone layer *ba-da tsssssss*",0.094,0.755,0.151,0.9999
526,RT @yourdrunkbuddy: @scottie1479 @BjornLomborg @JonahDispatch Irrelevant. The propoganda the warmers make is that the polar bear population‚Ä¶,0.093,0.755,0.152,0.9999
527,"@ZLabe @gcarbonproject Well, no matter how many beautiful graphics you show, the central tenent is still missing:

NO warming can be derived from a trace gas 

Thusly we can conclude that global warming and cooling stems from energy composition in earth‚Äôs surroundings

THE SUN/COSMOS

NOT humans https://t.co/qUR3aO1dWE",0.093,0.755,0.152,0.9999
528,"@MatthewWielicki Try 50 years. Is tall remember the oncoming ice age in the 70s, closely followed by global warming, ozone layer depletion etc. anything to screw governments funding ‚Äúclimate science ‚Äú",0.093,0.755,0.152,0.9999
530,"RT @tan123: For your copy/paste pleasure, here is some stuff that I like to say/tweet: 
CO2 is *not* the climate control knob.  It‚Äôs a poli‚Ä¶",0.093,0.755,0.152,0.9999
531,"RT @constantin_t: üíé ‚ÄúNo one has ever shown that human emissions of #CO2 drives global warming!‚Äù - Australian Geologist, Professor #IanPlime‚Ä¶",0.093,0.755,0.152,0.9999
532,"@TheDisproof @MatthewWielicki @Palaeo3D It if funny that a job you get paid to do that relies solely on climate change being real, that everything you put out points to ""Global warming"" meanwhile past historical records of the actual climate are being rewritten or deleted all being ""Homogenized"" to suit an agenda",0.093,0.755,0.152,0.9999
533,"RT @LionHearted76: The Green Agenda is Insane
üö®Oxfordshire City Council in England just approved a trial Climate Lockdown in 2024

To ‚Äòsave‚Ä¶",0.093,0.755,0.152,0.9999
534,"RT @Dad_At_Law: First voicemail, next up, global warming and then war. These kids are dead set on eliminating all of the world‚Äôs worst evil‚Ä¶",0.093,0.755,0.152,0.9999
535,@JamesMelville Would you have him ride a horse?  I doubt his plane travel is what's caused the catastrophe that is global warming.  But I guess you've nothing of substance to share.  Carry on.,0.093,0.755,0.152,0.9999
536,"@JustinTrudeau Stop allowing missiles to wreck atmosphere day in and day out! How much damage to oceans, to our planet, with bombs. North Korea and any country deciding to shooting of missiles, should pay carbon tax, a billion per inch. That‚Äôs the true cause of global warming. Grow trees notwar",0.093,0.756,0.151,0.9999
537,@TomTSEC @BlogerPisarz It's the worst kind of global warming with no symptomsü§°.,0.093,0.755,0.151,0.9999
538,global warming pls come thruüôè https://t.co/n4AikdzIiZ,0.093,0.755,0.152,0.9999
539,"RT @Tony40335450: @BernieSpofforth @joseyrobins Global Warming? Northern Hemisphere Snow Cover At 56-Year High.

Most mainstream media outl‚Ä¶",0.093,0.755,0.152,0.9999
540,"RT @TomTSEC: Due to global warming, it is currently -31C in Edmonton Alberta.",,,,
541,RT @tealswag: nene accidentally accelerates global warming. asked to leave the theme park #prsk_FA #emunene https://t.co/j8SoXTw97d,,,,
542,"@jrpsaki @WhiteHouse Awesome. 
Democrat control always makes America a better place for working people. 
Open borders, $4 a gallon gas, mandated vaccines, transgender theology, males in female locker rooms, global warming equity, &amp; endless mail in ballot harvesting. 
Who could ask for more.",,,,
543,"@RealUtahMan @BjornLomborg The evidence is that humans are causing the current global warming, which is much more rapid than previous warming in the geological past. https://t.co/NPzsWwBplN",,,,
544,"RT @4TR4iN: Simps who still believe in global warming should spend a  winter in Saskatchewan.

-45 C with wind chill tonight.

Thank God th‚Ä¶",,,,
545,"""People still voted, so that means voter suppression doesn't exist"" is the ""it snowed in November, so that means there's no global warming"" of election-related political statements.

It's completely ignorant and ignores that systems contain multitudes. https://t.co/BaTWaiJRVO",,,,
546,Global Warming is a total ass crack sandwich. Today is Pearl Harbour day &amp; I‚Äôm now off to cut some firewood for the elderly parents. Yup they‚Äôre ok yoday but had the fire going yesterday,,,,
547,"RT @acamara0728: @easternair355 Never did.

Climate changes, constantly.

Ice Age, to warmer weather and after sometime  iceage again

This‚Ä¶",,,,
548,"RT @TomTSEC: Due to global warming, it is currently -31C in Edmonton Alberta.",,,,
549,"I shouldn't quote Kipling's If at the ABC's apostle, Paul Barry as he might wet his pants.
Andrew Bolt hits back at 'global warming crusader' Media Watch's Paul Barry https://t.co/KByCsZVWuI",,,,
550,"@GBNEWS I've decided to believe in global warming now.....
Can I have some?",,,,
551,"@KevinDewane @dandelafe Exactly; science controlled by the stock market . 
Doesn‚Äôt heat affect sex in chicks at birth?  If global warming  is real we will need some electrical air conditioning system to have less cocks i assume !?",,,,
552,"@KellyCraftKY So does solar, wind, hydro-electric, and nuclear, all without increasing global warming and killing people.",,,,
553,"RT @BigCityAndrew: ""Shut up and sit down... Global warming is the greatest fraud perpetrated on humanity"".

*explicit language* 

Wow this‚Ä¶",,,,
554,"RT @UN: ‚ùåMyth: A few degrees of global warming are not a big deal. 

‚úÖFact: Every bit of warming worsens the impacts of the climate crisis‚Ä¶",,,,
555,@CNN Finally some good news re: global warming?,,,,
556,"RT @mtaibbi: I wonder how many people in relationships have tried the ‚ÄúI don‚Äôt want kids, but only because of global warming‚Äù line, and act‚Ä¶",,,,
557,"RT @TomTSEC: Due to global warming, it is currently -31C in Edmonton Alberta.",,,,
558,RT @KnKsnksm0: Global warming‚Ä¶ err cooling.. warming.. cooling.. warming.. cooling https://t.co/gGdoITCiNj,,,,
559,@kylenabecker Since it's inception in Ancient Greece politics and corruption has always been questioned. Rebranding Global Warming and predictions that don't come true don't help with climate deniers. Scientists have always decried other scientists work until proven right or wrong. So??????,,,,
560,@Xx17965797N Global Warming at it again.,,,,
561,those who cannot condemn the past are doomed to repeat is is something @billieeilish would say during a global warming crisis meeting.,,,,
562,@TomTSEC -35 this morning with the wind -45. I had high hopes for global warming looks like it‚Äôs another pipe dream,,,,
563,"RT @TomTSEC: Due to global warming, it is currently -31C in Edmonton Alberta.",,,,
564,"RT @ogwausa: Will these 50-million-year-old mummies survive the ""climate crisis""?

Should you stop contributing to your 401k?

Tune in next‚Ä¶",,,,
565,The Oxfordshire Council in England is to trial  a climate lockdown starting in 2024. Planning to lock residents in one of the 6 zones to save the planet from global warming.,,,,
566,"RT @LionHearted76: The Green Agenda is Insane
üö®Oxfordshire City Council in England just approved a trial Climate Lockdown in 2024

To ‚Äòsave‚Ä¶",,,,
567,"RT @MGSchmelzer: Instead of relying on untested and potentially dangerous negative emission technologies that might not work at scale, the‚Ä¶",,,,
568,@david_rooke_ @BjornLomborg There is plenty of evidence. The current global warming is much faster than previous warming periods in geological time. It can't be dismissed as natural variation. https://t.co/NPzsWwBplN,,,,
569,"RT @TomTSEC: Due to global warming, it is currently -31C in Edmonton Alberta.",,,,
571,"RT @coolbrookcole: @easternair355 Never did. It was the new ice age coming till it was global warming. Because if CO2. Which, of course, is‚Ä¶",,,,
572,you know global warming is real when you're still finding stink bugs in your bedroom in december,,,,
573,@Breaking911 It's interesting how these on-air medical emergencies are being normalized. Never saw that until the last couple of years. Maybe it's global warming?,,,,
574,Some Good Global Warming Comments  ü§î https://t.co/31oXk7JcPW,,,,
575,"RT @LionHearted76: The Green Agenda is Insane
üö®Oxfordshire City Council in England just approved a trial Climate Lockdown in 2024

To ‚Äòsave‚Ä¶",,,,
576,"RT @constantin_t: üíé ‚ÄúNo one has ever shown that human emissions of #CO2 drives global warming!‚Äù - Australian Geologist, Professor #IanPlime‚Ä¶",,,,
577,"1/2 Let‚Äôs assume that Global warming is happening. It‚Äôs not, but let‚Äôs assume it is and it is as dire as you can possibly imagine. 

Why is YOUR solution a Global-Tax-Ponzi-Casino-Gulag? 

Why is YOUR solution a Global System of SLAVERY? 

Why not #Liberty?",,,,
578,"RT @CoachBalto: Global warming is coming for your cars, not those bicyclist wanting protected bike lanes.  https://t.co/JvgZcCZrH2",,,,
581,RT @CanadaGray: @TomTSEC Due to global warming it is +7 in Toronto....yep just weather that means nothing about climate.,,,,
583,"RT @ogwausa: Will these 50-million-year-old mummies survive the ""climate crisis""?

Should you stop contributing to your 401k?

Tune in next‚Ä¶",,,,
584,"Shut up and listen. Given the scale of issues like global warming and epidemic disease, we shouldn't underestimate the importance of a can-do attitude to science rather than a can't-afford-it attitude. Die soon",,,,
585,"@charlruto Can I join your campaign, I have an advanced degree  in converting carbon dioxide to chemical fuels using nanotechnology to mitigation global warming and climate change. I will be grateful for the opportunity.",,,,
587,"Countries have spent decades and billions of dollars on infrastructure and technology that aids the production of renewable energy. We are here to help Pakistan pick up the pace and win the fight against global warming.

#BigChief #SolarPower #GoSolar #SaveThePlanet #Pakistan https://t.co/Gpqvbh70cg",,,,
588,"@BoVanston @TomTSEC Well, it was -16 deg F (-27 deg C) 10 days ago in Willow, AK in November. So you can shove your global warming in Anchorage when it's now SNOWING (= milder temp.)
Try to impress someone else in the lower 48 with your melting glaciers!",,,,
589,"RT @babyyakira: Fck me if I‚Äôm wrong , but global warming isn‚Äôt real https://t.co/aaTZunpk7g",,,,
590,"RT @ogwausa: Will these 50-million-year-old mummies survive the ""climate crisis""?

Should you stop contributing to your 401k?

Tune in next‚Ä¶",,,,
591,"@LeeTheCryptoKn1 @CBCNews The warmer it gets the nicer Canada will get, more C02 the bigger plants get that release more oxygen. Global warming can‚Äôt be stopped if the planet wants to heat up its not humans doing it one volcano eruption will dwarf all of human output",,,,
592,"RT @constantin_t: üíé ‚ÄúNo one has ever shown that human emissions of #CO2 drives global warming!‚Äù - Australian Geologist, Professor #IanPlime‚Ä¶",,,,
593,"RT @CoachBalto: Global warming is coming for your cars, not those bicyclist wanting protected bike lanes.  https://t.co/JvgZcCZrH2",,,,
594,"RT @TomTSEC: Due to global warming, it is currently -31C in Edmonton Alberta.",,,,
595,Without that global warming .....Edmonton would have been in  trouble ..... https://t.co/y2MW9pmx7B,,,,
596,"RT @constantin_t: üíé ‚ÄúNo one has ever shown that human emissions of #CO2 drives global warming!‚Äù - Australian Geologist, Professor #IanPlime‚Ä¶",,,,
597,@Merica_81 Babe we have to save the world by getting more boosters and I just donated the rest of our savings to fight the war in Ukraine. Ps global warming is trumps fault just confirmed. Knew it.,,,,
598,"@GregorMacdonald Renewables going fwd have cost benefits which everyone is interested in. Renewables 2010-20 &amp; earlier were mostly driven by ideology (global warming concerns), not economics.  Non-buyers incl the many that disagreed with the ideology or agreed with it but refused the higher cost",,,,
599,Global Warming To Activate Zombie¬†Viruses https://t.co/gklcXpxem9,,,,
4,,0.08,0.768,0.153,0.5574
7,,0.049,0.757,0.194,0.9618
12,,0.053,0.798,0.149,0.9645
14,,0.046,0.815,0.139,0.9676
28,,0.056,0.814,0.13,0.9849
69,,0.081,0.79,0.129,0.9879
78,,0.083,0.776,0.141,0.9964
79,,0.083,0.777,0.139,0.9961
81,,0.081,0.78,0.139,0.9968
85,,0.08,0.781,0.139,0.9971
104,,0.082,0.775,0.143,0.9984
107,,0.08,0.777,0.142,0.9986
112,,0.08,0.775,0.145,0.9989
114,,0.079,0.775,0.146,0.999
128,,0.086,0.77,0.144,0.9988
169,,0.09,0.763,0.147,0.9993
178,,0.09,0.763,0.147,0.9994
179,,0.09,0.763,0.147,0.9994
181,,0.091,0.762,0.147,0.9994
185,,0.09,0.761,0.149,0.9995
204,,0.086,0.764,0.149,0.9997
207,,0.085,0.766,0.148,0.9997
212,,0.091,0.761,0.147,0.9995
214,,0.091,0.762,0.147,0.9995
228,,0.091,0.762,0.147,0.9996
269,,0.092,0.759,0.149,0.9997
278,,0.091,0.758,0.151,0.9998
279,,0.091,0.758,0.151,0.9998
281,,0.091,0.758,0.151,0.9998
285,,0.09,0.76,0.15,0.9998
304,,0.092,0.759,0.149,0.9998
307,,0.092,0.759,0.149,0.9998
312,,0.092,0.759,0.149,0.9998
314,,0.092,0.76,0.149,0.9998
328,,0.093,0.758,0.149,0.9998
369,,0.092,0.756,0.152,0.9999
378,,0.091,0.758,0.151,0.9999
379,,0.091,0.758,0.151,0.9999
381,,0.091,0.759,0.151,0.9999
385,,0.09,0.758,0.151,0.9999
404,,0.093,0.758,0.15,0.9999
407,,0.093,0.757,0.15,0.9999
412,,0.092,0.758,0.15,0.9999
414,,0.093,0.757,0.15,0.9999
428,,0.093,0.756,0.15,0.9999
469,,0.092,0.757,0.151,0.9999
478,,0.091,0.758,0.152,0.9999
479,,0.092,0.757,0.151,0.9999
481,,0.093,0.756,0.151,0.9999
485,,0.093,0.756,0.151,0.9999
505,,0.093,0.756,0.151,0.9999
508,,0.094,0.755,0.151,0.9999
513,,0.094,0.755,0.151,0.9999
515,,0.094,0.756,0.151,0.9999
529,,0.093,0.755,0.152,0.9999
