,Value,energy_type,sector,Year,Month
1,989.638,Primary Energy,Residential,2012,Jan
2,830.092,Primary Energy,Residential,2012,Feb
3,543.901,Primary Energy,Residential,2012,Mar
4,395.883,Primary Energy,Residential,2012,Apr
5,267.953,Primary Energy,Residential,2012,May
6,220.468,Primary Energy,Residential,2012,Jun
7,203.15,Primary Energy,Residential,2012,Jul
8,209.704,Primary Energy,Residential,2012,Aug
9,215.582,Primary Energy,Residential,2012,Sep
10,351.676,Primary Energy,Residential,2012,Oct
11,623.387,Primary Energy,Residential,2012,Nov
12,833.586,Primary Energy,Residential,2012,Dec
13,1100.62,Primary Energy,Residential,2013,Jan
14,955.937,Primary Energy,Residential,2013,Feb
15,861.392,Primary Energy,Residential,2013,Mar
16,518.288,Primary Energy,Residential,2013,Apr
17,312.58,Primary Energy,Residential,2013,May
18,226.967,Primary Energy,Residential,2013,Jun
19,211.726,Primary Energy,Residential,2013,Jul
20,214.55,Primary Energy,Residential,2013,Aug
21,228.185,Primary Energy,Residential,2013,Sep
22,342.054,Primary Energy,Residential,2013,Oct
23,674.106,Primary Energy,Residential,2013,Nov
24,1043.565,Primary Energy,Residential,2013,Dec
25,1272.039,Primary Energy,Residential,2014,Jan
26,1068.47,Primary Energy,Residential,2014,Feb
27,903.989,Primary Energy,Residential,2014,Mar
28,492.683,Primary Energy,Residential,2014,Apr
29,334.686,Primary Energy,Residential,2014,May
30,240.154,Primary Energy,Residential,2014,Jun
31,224.264,Primary Energy,Residential,2014,Jul
32,216.568,Primary Energy,Residential,2014,Aug
33,247.346,Primary Energy,Residential,2014,Sep
34,356.317,Primary Energy,Residential,2014,Oct
35,728.224,Primary Energy,Residential,2014,Nov
36,923.048,Primary Energy,Residential,2014,Dec
37,1177.964,Primary Energy,Residential,2015,Jan
38,1124.655,Primary Energy,Residential,2015,Feb
39,820.845,Primary Energy,Residential,2015,Mar
40,452.693,Primary Energy,Residential,2015,Apr
41,298.91,Primary Energy,Residential,2015,May
42,219.507,Primary Energy,Residential,2015,Jun
43,207.404,Primary Energy,Residential,2015,Jul
44,207.344,Primary Energy,Residential,2015,Aug
45,210.081,Primary Energy,Residential,2015,Sep
46,359.487,Primary Energy,Residential,2015,Oct
47,587.961,Primary Energy,Residential,2015,Nov
48,798.934,Primary Energy,Residential,2015,Dec
49,1091.218,Primary Energy,Residential,2016,Jan
50,874.475,Primary Energy,Residential,2016,Feb
51,609.867,Primary Energy,Residential,2016,Mar
52,462.517,Primary Energy,Residential,2016,Apr
53,312.797,Primary Energy,Residential,2016,May
54,219.234,Primary Energy,Residential,2016,Jun
55,205.115,Primary Energy,Residential,2016,Jul
56,192.338,Primary Energy,Residential,2016,Aug
57,211.29,Primary Energy,Residential,2016,Sep
58,314.696,Primary Energy,Residential,2016,Oct
59,526.484,Primary Energy,Residential,2016,Nov
60,1010.65,Primary Energy,Residential,2016,Dec
61,1040.96,Primary Energy,Residential,2017,Jan
62,743.251,Primary Energy,Residential,2017,Feb
63,749.895,Primary Energy,Residential,2017,Mar
64,408.727,Primary Energy,Residential,2017,Apr
65,313.796,Primary Energy,Residential,2017,May
66,229.964,Primary Energy,Residential,2017,Jun
67,202.984,Primary Energy,Residential,2017,Jul
68,204.819,Primary Energy,Residential,2017,Aug
69,215.293,Primary Energy,Residential,2017,Sep
70,324.955,Primary Energy,Residential,2017,Oct
71,628.232,Primary Energy,Residential,2017,Nov
72,1035.717,Primary Energy,Residential,2017,Dec
73,1248.453,Primary Energy,Residential,2018,Jan
74,886.633,Primary Energy,Residential,2018,Feb
75,856.123,Primary Energy,Residential,2018,Mar
76,610.996,Primary Energy,Residential,2018,Apr
77,293.216,Primary Energy,Residential,2018,May
78,229.135,Primary Energy,Residential,2018,Jun
79,215.129,Primary Energy,Residential,2018,Jul
80,205.208,Primary Energy,Residential,2018,Aug
81,221.413,Primary Energy,Residential,2018,Sep
82,410.433,Primary Energy,Residential,2018,Oct
83,800.217,Primary Energy,Residential,2018,Nov
84,1006.248,Primary Energy,Residential,2018,Dec
85,1215.209,Primary Energy,Residential,2019,Jan
86,1034.994,Primary Energy,Residential,2019,Feb
87,906.23,Primary Energy,Residential,2019,Mar
88,485.602,Primary Energy,Residential,2019,Apr
89,351.377,Primary Energy,Residential,2019,May
90,248.805,Primary Energy,Residential,2019,Jun
91,230.822,Primary Energy,Residential,2019,Jul
92,230.848,Primary Energy,Residential,2019,Aug
93,223.347,Primary Energy,Residential,2019,Sep
94,376.593,Primary Energy,Residential,2019,Oct
95,797.553,Primary Energy,Residential,2019,Nov
96,988.959,Primary Energy,Residential,2019,Dec
97,1043.21,Primary Energy,Residential,2020,Jan
98,934.525,Primary Energy,Residential,2020,Feb
99,705.824,Primary Energy,Residential,2020,Mar
100,537.883,Primary Energy,Residential,2020,Apr
101,384.072,Primary Energy,Residential,2020,May
102,252.315,Primary Energy,Residential,2020,Jun
103,226.049,Primary Energy,Residential,2020,Jul
104,214.097,Primary Energy,Residential,2020,Aug
105,241.492,Primary Energy,Residential,2020,Sep
106,379.165,Primary Energy,Residential,2020,Oct
107,599.015,Primary Energy,Residential,2020,Nov
108,1009.463,Primary Energy,Residential,2020,Dec
109,1126.047,Primary Energy,Residential,2021,Jan
110,1106.623,Primary Energy,Residential,2021,Feb
111,769.855,Primary Energy,Residential,2021,Mar
112,499.873,Primary Energy,Residential,2021,Apr
113,357.965,Primary Energy,Residential,2021,May
114,249.602,Primary Energy,Residential,2021,Jun
115,226.647,Primary Energy,Residential,2021,Jul
116,215.724,Primary Energy,Residential,2021,Aug
117,235.408,Primary Energy,Residential,2021,Sep
118,332.027,Primary Energy,Residential,2021,Oct
119,657.747,Primary Energy,Residential,2021,Nov
120,873.03,Primary Energy,Residential,2021,Dec
121,1221.437,Primary Energy,Residential,2022,Jan
122,1036.778,Primary Energy,Residential,2022,Feb
123,801.428,Primary Energy,Residential,2022,Mar
124,561.432,Primary Energy,Residential,2022,Apr
125,346.159,Primary Energy,Residential,2022,May
126,253.247,Primary Energy,Residential,2022,Jun
127,234.158,Primary Energy,Residential,2022,Jul
128,220.695,Primary Energy,Residential,2022,Aug
129,1419.145,End-Use Energy,Residential,2012,Jan
130,1198.504,End-Use Energy,Residential,2012,Feb
131,882.923,End-Use Energy,Residential,2012,Mar
132,696.491,End-Use Energy,Residential,2012,Apr
133,612.207,End-Use Energy,Residential,2012,May
134,639.92,End-Use Energy,Residential,2012,Jun
135,730.574,End-Use Energy,Residential,2012,Jul
136,714.479,End-Use Energy,Residential,2012,Aug
137,621.034,End-Use Energy,Residential,2012,Sep
138,681.512,End-Use Energy,Residential,2012,Oct
139,954.88,End-Use Energy,Residential,2012,Nov
140,1223.194,End-Use Energy,Residential,2012,Dec
141,1550.27,End-Use Energy,Residential,2013,Jan
142,1341.882,End-Use Energy,Residential,2013,Feb
143,1243.866,End-Use Energy,Residential,2013,Mar
144,844.274,End-Use Energy,Residential,2013,Apr
145,637.374,End-Use Energy,Residential,2013,May
146,629.522,End-Use Energy,Residential,2013,Jun
147,702.558,End-Use Energy,Residential,2013,Jul
148,685.628,End-Use Energy,Residential,2013,Aug
149,642.467,End-Use Energy,Residential,2013,Sep
150,679.477,End-Use Energy,Residential,2013,Oct
151,1008.154,End-Use Energy,Residential,2013,Nov
152,1483.597,End-Use Energy,Residential,2013,Dec
153,1771.936,End-Use Energy,Residential,2014,Jan
154,1506.828,End-Use Energy,Residential,2014,Feb
155,1293.752,End-Use Energy,Residential,2014,Mar
156,807.575,End-Use Energy,Residential,2014,Apr
157,661.305,End-Use Energy,Residential,2014,May
158,642.938,End-Use Energy,Residential,2014,Jun
159,691.803,End-Use Energy,Residential,2014,Jul
160,680.019,End-Use Energy,Residential,2014,Aug
161,659.315,End-Use Energy,Residential,2014,Sep
162,690.821,End-Use Energy,Residential,2014,Oct
163,1067.669,End-Use Energy,Residential,2014,Nov
164,1335.219,End-Use Energy,Residential,2014,Dec
165,1648.018,End-Use Energy,Residential,2015,Jan
166,1547.189,End-Use Energy,Residential,2015,Feb
167,1220.619,End-Use Energy,Residential,2015,Mar
168,760.453,End-Use Energy,Residential,2015,Apr
169,623.597,End-Use Energy,Residential,2015,May
170,629.97,End-Use Energy,Residential,2015,Jun
171,705.687,End-Use Energy,Residential,2015,Jul
172,700.429,End-Use Energy,Residential,2015,Aug
173,638.002,End-Use Energy,Residential,2015,Sep
174,698.466,End-Use Energy,Residential,2015,Oct
175,904.178,End-Use Energy,Residential,2015,Nov
176,1179.953,End-Use Energy,Residential,2015,Dec
177,1538.093,End-Use Energy,Residential,2016,Jan
178,1270.129,End-Use Energy,Residential,2016,Feb
179,951.84,End-Use Energy,Residential,2016,Mar
180,763.607,End-Use Energy,Residential,2016,Apr
181,634.2,End-Use Energy,Residential,2016,May
182,646.455,End-Use Energy,Residential,2016,Jun
183,731.96,End-Use Energy,Residential,2016,Jul
184,726.117,End-Use Energy,Residential,2016,Aug
185,652.676,End-Use Energy,Residential,2016,Sep
186,661.041,End-Use Energy,Residential,2016,Oct
187,844.633,End-Use Energy,Residential,2016,Nov
188,1424.46,End-Use Energy,Residential,2016,Dec
189,1481.833,End-Use Energy,Residential,2017,Jan
190,1087.755,End-Use Energy,Residential,2017,Feb
191,1101.657,End-Use Energy,Residential,2017,Mar
192,718.279,End-Use Energy,Residential,2017,Apr
193,649.131,End-Use Energy,Residential,2017,May
194,648.081,End-Use Energy,Residential,2017,Jun
195,714.444,End-Use Energy,Residential,2017,Jul
196,689.347,End-Use Energy,Residential,2017,Aug
197,620.566,End-Use Energy,Residential,2017,Sep
198,675.746,End-Use Energy,Residential,2017,Oct
199,963.701,End-Use Energy,Residential,2017,Nov
200,1451.997,End-Use Energy,Residential,2017,Dec
201,1756.559,End-Use Energy,Residential,2018,Jan
202,1274.752,End-Use Energy,Residential,2018,Feb
203,1221.952,End-Use Energy,Residential,2018,Mar
204,936.684,End-Use Energy,Residential,2018,Apr
205,647.546,End-Use Energy,Residential,2018,May
206,672.398,End-Use Energy,Residential,2018,Jun
207,739.097,End-Use Energy,Residential,2018,Jul
208,728.938,End-Use Energy,Residential,2018,Aug
209,661.253,End-Use Energy,Residential,2018,Sep
210,775.684,End-Use Energy,Residential,2018,Oct
211,1154.348,End-Use Energy,Residential,2018,Nov
212,1426.54,End-Use Energy,Residential,2018,Dec
213,1670.088,End-Use Energy,Residential,2019,Jan
214,1432.861,End-Use Energy,Residential,2019,Feb
215,1290.44,End-Use Energy,Residential,2019,Mar
216,793.992,End-Use Energy,Residential,2019,Apr
217,693.707,End-Use Energy,Residential,2019,May
218,658.641,End-Use Energy,Residential,2019,Jun
219,755.413,End-Use Energy,Residential,2019,Jul
220,742.931,End-Use Energy,Residential,2019,Aug
221,672.253,End-Use Energy,Residential,2019,Sep
222,745.08,End-Use Energy,Residential,2019,Oct
223,1147.123,End-Use Energy,Residential,2019,Nov
224,1402.077,End-Use Energy,Residential,2019,Dec
225,1467.807,End-Use Energy,Residential,2020,Jan
226,1317.088,End-Use Energy,Residential,2020,Feb
227,1061.542,End-Use Energy,Residential,2020,Mar
228,871.437,End-Use Energy,Residential,2020,Apr
229,744.655,End-Use Energy,Residential,2020,May
230,701.123,End-Use Energy,Residential,2020,Jun
231,796.222,End-Use Energy,Residential,2020,Jul
232,756.397,End-Use Energy,Residential,2020,Aug
233,677.627,End-Use Energy,Residential,2020,Sep
234,739.179,End-Use Energy,Residential,2020,Oct
235,939.058,End-Use Energy,Residential,2020,Nov
236,1452.207,End-Use Energy,Residential,2020,Dec
237,1593.925,End-Use Energy,Residential,2021,Jan
238,1539.844,End-Use Energy,Residential,2021,Feb
239,1160.278,End-Use Energy,Residential,2021,Mar
240,821.205,End-Use Energy,Residential,2021,Apr
241,704.278,End-Use Energy,Residential,2021,May
242,702.83,End-Use Energy,Residential,2021,Jun
243,756.616,End-Use Energy,Residential,2021,Jul
244,757.042,End-Use Energy,Residential,2021,Aug
245,685.327,End-Use Energy,Residential,2021,Sep
246,688.856,End-Use Energy,Residential,2021,Oct
247,1002.462,End-Use Energy,Residential,2021,Nov
248,1275.935,End-Use Energy,Residential,2021,Dec
249,1701.143,End-Use Energy,Residential,2022,Jan
250,1467.475,End-Use Energy,Residential,2022,Feb
251,1184.606,End-Use Energy,Residential,2022,Mar
252,897.341,End-Use Energy,Residential,2022,Apr
253,723.124,End-Use Energy,Residential,2022,May
254,720.88,End-Use Energy,Residential,2022,Jun
255,797.567,End-Use Energy,Residential,2022,Jul
256,769.939,End-Use Energy,Residential,2022,Aug
257,2288.469,Total,Residential,2012,Jan
258,1922.942,Total,Residential,2012,Feb
259,1555.297,Total,Residential,2012,Mar
260,1290.309,Total,Residential,2012,Apr
261,1340.055,Total,Residential,2012,May
262,1508.728,Total,Residential,2012,Jun
263,1836.14,Total,Residential,2012,Jul
264,1722.618,Total,Residential,2012,Aug
265,1395.757,Total,Residential,2012,Sep
266,1329.517,Total,Residential,2012,Oct
267,1634.454,Total,Residential,2012,Nov
268,2052.172,Total,Residential,2012,Dec
269,2455.465,Total,Residential,2013,Jan
270,2087.734,Total,Residential,2013,Feb
271,2014.592,Total,Residential,2013,Mar
272,1488.318,Total,Residential,2013,Apr
273,1312.459,Total,Residential,2013,May
274,1468.943,Total,Residential,2013,Jun
275,1707.576,Total,Residential,2013,Jul
276,1634.544,Total,Residential,2013,Aug
277,1434.685,Total,Residential,2013,Sep
278,1338.602,Total,Residential,2013,Oct
279,1705.465,Total,Residential,2013,Nov
280,2405.096,Total,Residential,2013,Dec
281,2808.412,Total,Residential,2014,Jan
282,2351.29,Total,Residential,2014,Feb
283,2086.369,Total,Residential,2014,Mar
284,1424.186,Total,Residential,2014,Apr
285,1339.505,Total,Residential,2014,May
286,1478.654,Total,Residential,2014,Jun
287,1645.887,Total,Residential,2014,Jul
288,1616.232,Total,Residential,2014,Aug
289,1428.555,Total,Residential,2014,Sep
290,1331.478,Total,Residential,2014,Oct
291,1773.932,Total,Residential,2014,Nov
292,2164.807,Total,Residential,2014,Dec
293,2580.929,Total,Residential,2015,Jan
294,2377.381,Total,Residential,2015,Feb
295,1972.902,Total,Residential,2015,Mar
296,1344.384,Total,Residential,2015,Apr
297,1290.396,Total,Residential,2015,May
298,1466.241,Total,Residential,2015,Jun
299,1712.66,Total,Residential,2015,Jul
300,1666.388,Total,Residential,2015,Aug
301,1434.699,Total,Residential,2015,Sep
302,1328.016,Total,Residential,2015,Oct
303,1525.757,Total,Residential,2015,Nov
304,1922.859,Total,Residential,2015,Dec
305,2424.517,Total,Residential,2016,Jan
306,2003.172,Total,Residential,2016,Feb
307,1589.631,Total,Residential,2016,Mar
308,1342.11,Total,Residential,2016,Apr
309,1278.117,Total,Residential,2016,May
310,1511.27,Total,Residential,2016,Jun
311,1795.383,Total,Residential,2016,Jul
312,1750.524,Total,Residential,2016,Aug
313,1458.755,Total,Residential,2016,Sep
314,1309.835,Total,Residential,2016,Oct
315,1453.555,Total,Residential,2016,Nov
316,2269.472,Total,Residential,2016,Dec
317,2345.103,Total,Residential,2017,Jan
318,1730.556,Total,Residential,2017,Feb
319,1791.49,Total,Residential,2017,Mar
320,1309.744,Total,Residential,2017,Apr
321,1316.979,Total,Residential,2017,May
322,1463.766,Total,Residential,2017,Jun
323,1721.174,Total,Residential,2017,Jul
324,1598.033,Total,Residential,2017,Aug
325,1362.79,Total,Residential,2017,Sep
326,1335.691,Total,Residential,2017,Oct
327,1618.332,Total,Residential,2017,Nov
328,2296.68,Total,Residential,2017,Dec
329,2738.256,Total,Residential,2018,Jan
330,1979,Total,Residential,2018,Feb
331,1914.661,Total,Residential,2018,Mar
332,1549.655,Total,Residential,2018,Apr
333,1359.16,Total,Residential,2018,May
334,1536.813,Total,Residential,2018,Jun
335,1753.69,Total,Residential,2018,Jul
336,1702.715,Total,Residential,2018,Aug
337,1458.006,Total,Residential,2018,Sep
338,1429.842,Total,Residential,2018,Oct
339,1852.506,Total,Residential,2018,Nov
340,2240.379,Total,Residential,2018,Dec
341,2537.209,Total,Residential,2019,Jan
342,2156.565,Total,Residential,2019,Feb
343,2003.211,Total,Residential,2019,Mar
344,1362.254,Total,Residential,2019,Apr
345,1356.625,Total,Residential,2019,May
346,1434.645,Total,Residential,2019,Jun
347,1734.627,Total,Residential,2019,Jul
348,1678.478,Total,Residential,2019,Aug
349,1466.542,Total,Residential,2019,Sep
350,1375.009,Total,Residential,2019,Oct
351,1809.29,Total,Residential,2019,Nov
352,2164.098,Total,Residential,2019,Dec
353,2236.462,Total,Residential,2020,Jan
354,2006.136,Total,Residential,2020,Feb
355,1688.827,Total,Residential,2020,Mar
356,1457.349,Total,Residential,2020,Apr
357,1426.381,Total,Residential,2020,May
358,1540.802,Total,Residential,2020,Jun
359,1839.725,Total,Residential,2020,Jul
360,1749.432,Total,Residential,2020,Aug
361,1417.989,Total,Residential,2020,Sep
362,1369.633,Total,Residential,2020,Oct
363,1563.931,Total,Residential,2020,Nov
364,2268.177,Total,Residential,2020,Dec
365,2463.553,Total,Residential,2021,Jan
366,2356.65,Total,Residential,2021,Feb
367,1858.594,Total,Residential,2021,Mar
368,1398.038,Total,Residential,2021,Apr
369,1359.245,Total,Residential,2021,May
370,1565.036,Total,Residential,2021,Jun
371,1738.362,Total,Residential,2021,Jul
372,1755.954,Total,Residential,2021,Aug
373,1458.684,Total,Residential,2021,Sep
374,1315.721,Total,Residential,2021,Oct
375,1650.01,Total,Residential,2021,Nov
376,2033.795,Total,Residential,2021,Dec
377,2642.549,Total,Residential,2022,Jan
378,2253.102,Total,Residential,2022,Feb
379,1872.75,Total,Residential,2022,Mar
380,1498.196,Total,Residential,2022,Apr
381,1447.13,Total,Residential,2022,May
382,1604.099,Total,Residential,2022,Jun
383,1853.845,Total,Residential,2022,Jul
384,1750.753,Total,Residential,2022,Aug
385,550.434,Primary Energy,Commercial,2012,Jan
386,475.224,Primary Energy,Commercial,2012,Feb
387,338.354,Primary Energy,Commercial,2012,Mar
388,270.275,Primary Energy,Commercial,2012,Apr
389,208.036,Primary Energy,Commercial,2012,May
390,187.81,Primary Energy,Commercial,2012,Jun
391,180.399,Primary Energy,Commercial,2012,Jul
392,196.515,Primary Energy,Commercial,2012,Aug
393,196.968,Primary Energy,Commercial,2012,Sep
394,271.83,Primary Energy,Commercial,2012,Oct
395,379.696,Primary Energy,Commercial,2012,Nov
396,472.461,Primary Energy,Commercial,2012,Dec
397,591.568,Primary Energy,Commercial,2013,Jan
398,532.11,Primary Energy,Commercial,2013,Feb
399,490.728,Primary Energy,Commercial,2013,Mar
400,323.859,Primary Energy,Commercial,2013,Apr
401,227.293,Primary Energy,Commercial,2013,May
402,184.722,Primary Energy,Commercial,2013,Jun
403,184.09,Primary Energy,Commercial,2013,Jul
404,191.007,Primary Energy,Commercial,2013,Aug
405,197.408,Primary Energy,Commercial,2013,Sep
406,261.628,Primary Energy,Commercial,2013,Oct
407,416.868,Primary Energy,Commercial,2013,Nov
408,560.702,Primary Energy,Commercial,2013,Dec
409,678.81,Primary Energy,Commercial,2014,Jan
410,593.404,Primary Energy,Commercial,2014,Feb
411,518.243,Primary Energy,Commercial,2014,Mar
412,314.232,Primary Energy,Commercial,2014,Apr
413,242.428,Primary Energy,Commercial,2014,May
414,200.505,Primary Energy,Commercial,2014,Jun
415,193.848,Primary Energy,Commercial,2014,Jul
416,193.59,Primary Energy,Commercial,2014,Aug
417,212.654,Primary Energy,Commercial,2014,Sep
418,273.176,Primary Energy,Commercial,2014,Oct
419,447.992,Primary Energy,Commercial,2014,Nov
420,521.94,Primary Energy,Commercial,2014,Dec
421,673.475,Primary Energy,Commercial,2015,Jan
422,646.55,Primary Energy,Commercial,2015,Feb
423,502.83,Primary Energy,Commercial,2015,Mar
424,323.043,Primary Energy,Commercial,2015,Apr
425,248.287,Primary Energy,Commercial,2015,May
426,211.272,Primary Energy,Commercial,2015,Jun
427,213.384,Primary Energy,Commercial,2015,Jul
428,217.702,Primary Energy,Commercial,2015,Aug
429,217.159,Primary Energy,Commercial,2015,Sep
430,305.266,Primary Energy,Commercial,2015,Oct
431,400.964,Primary Energy,Commercial,2015,Nov
432,481.465,Primary Energy,Commercial,2015,Dec
433,634.716,Primary Energy,Commercial,2016,Jan
434,535.644,Primary Energy,Commercial,2016,Feb
435,406.368,Primary Energy,Commercial,2016,Mar
436,329.04,Primary Energy,Commercial,2016,Apr
437,262.418,Primary Energy,Commercial,2016,May
438,218.533,Primary Energy,Commercial,2016,Jun
439,217.022,Primary Energy,Commercial,2016,Jul
440,219.53,Primary Energy,Commercial,2016,Aug
441,225.594,Primary Energy,Commercial,2016,Sep
442,287.607,Primary Energy,Commercial,2016,Oct
443,384.245,Primary Energy,Commercial,2016,Nov
444,601.059,Primary Energy,Commercial,2016,Dec
445,610.98,Primary Energy,Commercial,2017,Jan
446,467.507,Primary Energy,Commercial,2017,Feb
447,485.518,Primary Energy,Commercial,2017,Mar
448,306.341,Primary Energy,Commercial,2017,Apr
449,265.979,Primary Energy,Commercial,2017,May
450,224.556,Primary Energy,Commercial,2017,Jun
451,213.176,Primary Energy,Commercial,2017,Jul
452,221.378,Primary Energy,Commercial,2017,Aug
453,225.523,Primary Energy,Commercial,2017,Sep
454,292.11,Primary Energy,Commercial,2017,Oct
455,431.905,Primary Energy,Commercial,2017,Nov
456,623.679,Primary Energy,Commercial,2017,Dec
457,703.611,Primary Energy,Commercial,2018,Jan
458,539.46,Primary Energy,Commercial,2018,Feb
459,535.823,Primary Energy,Commercial,2018,Mar
460,407.133,Primary Energy,Commercial,2018,Apr
461,251.152,Primary Energy,Commercial,2018,May
462,223.586,Primary Energy,Commercial,2018,Jun
463,218.718,Primary Energy,Commercial,2018,Jul
464,222.762,Primary Energy,Commercial,2018,Aug
465,225.745,Primary Energy,Commercial,2018,Sep
466,340.804,Primary Energy,Commercial,2018,Oct
467,507.047,Primary Energy,Commercial,2018,Nov
468,600.506,Primary Energy,Commercial,2018,Dec
469,699.922,Primary Energy,Commercial,2019,Jan
470,599.856,Primary Energy,Commercial,2019,Feb
471,551.068,Primary Energy,Commercial,2019,Mar
472,345.92,Primary Energy,Commercial,2019,Apr
473,277.008,Primary Energy,Commercial,2019,May
474,229.243,Primary Energy,Commercial,2019,Jun
475,227.021,Primary Energy,Commercial,2019,Jul
476,234.166,Primary Energy,Commercial,2019,Aug
477,222.635,Primary Energy,Commercial,2019,Sep
478,310.29,Primary Energy,Commercial,2019,Oct
479,511.27,Primary Energy,Commercial,2019,Nov
480,592.167,Primary Energy,Commercial,2019,Dec
481,627.264,Primary Energy,Commercial,2020,Jan
482,572.818,Primary Energy,Commercial,2020,Feb
483,454.515,Primary Energy,Commercial,2020,Mar
484,334.973,Primary Energy,Commercial,2020,Apr
485,263.153,Primary Energy,Commercial,2020,May
486,220.34,Primary Energy,Commercial,2020,Jun
487,213.979,Primary Energy,Commercial,2020,Jul
488,214.688,Primary Energy,Commercial,2020,Aug
489,232.718,Primary Energy,Commercial,2020,Sep
490,306.723,Primary Energy,Commercial,2020,Oct
491,398.329,Primary Energy,Commercial,2020,Nov
492,579.871,Primary Energy,Commercial,2020,Dec
493,634.083,Primary Energy,Commercial,2021,Jan
494,632.193,Primary Energy,Commercial,2021,Feb
495,484.06,Primary Energy,Commercial,2021,Mar
496,354.415,Primary Energy,Commercial,2021,Apr
497,284.26,Primary Energy,Commercial,2021,May
498,237.19,Primary Energy,Commercial,2021,Jun
499,233.669,Primary Energy,Commercial,2021,Jul
500,229.703,Primary Energy,Commercial,2021,Aug
501,242.044,Primary Energy,Commercial,2021,Sep
502,299.781,Primary Energy,Commercial,2021,Oct
503,453.041,Primary Energy,Commercial,2021,Nov
504,532.63,Primary Energy,Commercial,2021,Dec
505,705.005,Primary Energy,Commercial,2022,Jan
506,613.182,Primary Energy,Commercial,2022,Feb
507,520.959,Primary Energy,Commercial,2022,Mar
508,391.162,Primary Energy,Commercial,2022,Apr
509,286.948,Primary Energy,Commercial,2022,May
510,243.384,Primary Energy,Commercial,2022,Jun
511,237.095,Primary Energy,Commercial,2022,Jul
512,231.788,Primary Energy,Commercial,2022,Aug
513,909.51,End-Use Energy,Commercial,2012,Jan
514,816.698,End-Use Energy,Commercial,2012,Feb
515,687.997,End-Use Energy,Commercial,2012,Mar
516,615.013,End-Use Energy,Commercial,2012,Apr
517,586.087,End-Use Energy,Commercial,2012,May
518,590.458,End-Use Energy,Commercial,2012,Jun
519,618.962,End-Use Energy,Commercial,2012,Jul
520,633.614,End-Use Energy,Commercial,2012,Aug
521,594.756,End-Use Energy,Commercial,2012,Sep
522,648.757,End-Use Energy,Commercial,2012,Oct
523,726.494,End-Use Energy,Commercial,2012,Nov
524,827.726,End-Use Energy,Commercial,2012,Dec
525,959.138,End-Use Energy,Commercial,2013,Jan
526,876.775,End-Use Energy,Commercial,2013,Feb
527,845.615,End-Use Energy,Commercial,2013,Mar
528,669.819,End-Use Energy,Commercial,2013,Apr
529,598.118,End-Use Energy,Commercial,2013,May
530,585.327,End-Use Energy,Commercial,2013,Jun
531,618.474,End-Use Energy,Commercial,2013,Jul
532,624.547,End-Use Energy,Commercial,2013,Aug
533,601.415,End-Use Energy,Commercial,2013,Sep
534,643.453,End-Use Energy,Commercial,2013,Oct
535,769.616,End-Use Energy,Commercial,2013,Nov
536,931.799,End-Use Energy,Commercial,2013,Dec
537,1067.321,End-Use Energy,Commercial,2014,Jan
538,949.455,End-Use Energy,Commercial,2014,Feb
539,883.218,End-Use Energy,Commercial,2014,Mar
540,663.822,End-Use Energy,Commercial,2014,Apr
541,616.607,End-Use Energy,Commercial,2014,May
542,604.563,End-Use Energy,Commercial,2014,Jun
543,621.829,End-Use Energy,Commercial,2014,Jul
544,622.147,End-Use Energy,Commercial,2014,Aug
545,622.261,End-Use Energy,Commercial,2014,Sep
546,658.811,End-Use Energy,Commercial,2014,Oct
547,803.678,End-Use Energy,Commercial,2014,Nov
548,890.676,End-Use Energy,Commercial,2014,Dec
549,1054.321,End-Use Energy,Commercial,2015,Jan
550,1006.456,End-Use Energy,Commercial,2015,Feb
551,870.63,End-Use Energy,Commercial,2015,Mar
552,678.464,End-Use Energy,Commercial,2015,Apr
553,621.579,End-Use Energy,Commercial,2015,May
554,618.221,End-Use Energy,Commercial,2015,Jun
555,651.84,End-Use Energy,Commercial,2015,Jul
556,656.209,End-Use Energy,Commercial,2015,Aug
557,634.09,End-Use Energy,Commercial,2015,Sep
558,690.213,End-Use Energy,Commercial,2015,Oct
559,756.291,End-Use Energy,Commercial,2015,Nov
560,845.967,End-Use Energy,Commercial,2015,Dec
561,1011.436,End-Use Energy,Commercial,2016,Jan
562,888.621,End-Use Energy,Commercial,2016,Feb
563,767.15,End-Use Energy,Commercial,2016,Mar
564,677.218,End-Use Energy,Commercial,2016,Apr
565,632.404,End-Use Energy,Commercial,2016,May
566,629.212,End-Use Energy,Commercial,2016,Jun
567,660.713,End-Use Energy,Commercial,2016,Jul
568,680.214,End-Use Energy,Commercial,2016,Aug
569,646.951,End-Use Energy,Commercial,2016,Sep
570,673.036,End-Use Energy,Commercial,2016,Oct
571,742.71,End-Use Energy,Commercial,2016,Nov
572,976.966,End-Use Energy,Commercial,2016,Dec
573,984.554,End-Use Energy,Commercial,2017,Jan
574,807.478,End-Use Energy,Commercial,2017,Feb
575,851.192,End-Use Energy,Commercial,2017,Mar
576,656.375,End-Use Energy,Commercial,2017,Apr
577,640.862,End-Use Energy,Commercial,2017,May
578,634.041,End-Use Energy,Commercial,2017,Jun
579,654.268,End-Use Energy,Commercial,2017,Jul
580,659.755,End-Use Energy,Commercial,2017,Aug
581,630.831,End-Use Energy,Commercial,2017,Sep
582,678.646,End-Use Energy,Commercial,2017,Oct
583,790.073,End-Use Energy,Commercial,2017,Nov
584,996.63,End-Use Energy,Commercial,2017,Dec
585,1095.736,End-Use Energy,Commercial,2018,Jan
586,889.823,End-Use Energy,Commercial,2018,Feb
587,904.689,End-Use Energy,Commercial,2018,Mar
588,759.7,End-Use Energy,Commercial,2018,Apr
589,637.307,End-Use Energy,Commercial,2018,May
590,639.888,End-Use Energy,Commercial,2018,Jun
591,667.47,End-Use Energy,Commercial,2018,Jul
592,682.864,End-Use Energy,Commercial,2018,Aug
593,642.123,End-Use Energy,Commercial,2018,Sep
594,737.051,End-Use Energy,Commercial,2018,Oct
595,865.249,End-Use Energy,Commercial,2018,Nov
596,968.996,End-Use Energy,Commercial,2018,Dec
597,1082.108,End-Use Energy,Commercial,2019,Jan
598,948.122,End-Use Energy,Commercial,2019,Feb
599,917.75,End-Use Energy,Commercial,2019,Mar
600,695.465,End-Use Energy,Commercial,2019,Apr
601,656.426,End-Use Energy,Commercial,2019,May
602,624.165,End-Use Energy,Commercial,2019,Jun
603,673.827,End-Use Energy,Commercial,2019,Jul
604,680.374,End-Use Energy,Commercial,2019,Aug
605,639.101,End-Use Energy,Commercial,2019,Sep
606,703.711,End-Use Energy,Commercial,2019,Oct
607,862.16,End-Use Energy,Commercial,2019,Nov
608,960.668,End-Use Energy,Commercial,2019,Dec
609,1001.944,End-Use Energy,Commercial,2020,Jan
610,924.304,End-Use Energy,Commercial,2020,Feb
611,809.738,End-Use Energy,Commercial,2020,Mar
612,646.85,End-Use Energy,Commercial,2020,Apr
613,584.901,End-Use Energy,Commercial,2020,May
614,594.27,End-Use Energy,Commercial,2020,Jun
615,647.669,End-Use Energy,Commercial,2020,Jul
616,634.558,End-Use Energy,Commercial,2020,Aug
617,619.024,End-Use Energy,Commercial,2020,Sep
618,676.816,End-Use Energy,Commercial,2020,Oct
619,732.352,End-Use Energy,Commercial,2020,Nov
620,939.687,End-Use Energy,Commercial,2020,Dec
621,989.392,End-Use Energy,Commercial,2021,Jan
622,966.665,End-Use Energy,Commercial,2021,Feb
623,832.467,End-Use Energy,Commercial,2021,Mar
624,689.473,End-Use Energy,Commercial,2021,Apr
625,640.484,End-Use Energy,Commercial,2021,May
626,642.805,End-Use Energy,Commercial,2021,Jun
627,668.371,End-Use Energy,Commercial,2021,Jul
628,676.668,End-Use Energy,Commercial,2021,Aug
629,647.366,End-Use Energy,Commercial,2021,Sep
630,682.474,End-Use Energy,Commercial,2021,Oct
631,805.538,End-Use Energy,Commercial,2021,Nov
632,895.521,End-Use Energy,Commercial,2021,Dec
633,1087.995,End-Use Energy,Commercial,2022,Jan
634,959.708,End-Use Energy,Commercial,2022,Feb
635,888.452,End-Use Energy,Commercial,2022,Mar
636,744.953,End-Use Energy,Commercial,2022,Apr
637,666.373,End-Use Energy,Commercial,2022,May
638,652.313,End-Use Energy,Commercial,2022,Jun
639,687.839,End-Use Energy,Commercial,2022,Jul
640,688.215,End-Use Energy,Commercial,2022,Aug
641,1636.282,Total,Commercial,2012,Jan
642,1488.165,Total,Commercial,2012,Feb
643,1381.434,Total,Commercial,2012,Mar
644,1296.002,Total,Commercial,2012,Apr
645,1385.391,Total,Commercial,2012,May
646,1424.462,Total,Commercial,2012,Jun
647,1538.26,Total,Commercial,2012,Jul
648,1506.59,Total,Commercial,2012,Aug
649,1354.834,Total,Commercial,2012,Sep
650,1389.278,Total,Commercial,2012,Oct
651,1437.443,Total,Commercial,2012,Nov
652,1583.633,Total,Commercial,2012,Dec
653,1699.098,Total,Commercial,2013,Jan
654,1542.854,Total,Commercial,2013,Feb
655,1560.749,Total,Commercial,2013,Mar
656,1353.326,Total,Commercial,2013,Apr
657,1368.879,Total,Commercial,2013,May
658,1420.681,Total,Commercial,2013,Jun
659,1507.909,Total,Commercial,2013,Jul
660,1497.848,Total,Commercial,2013,Aug
661,1373.984,Total,Commercial,2013,Sep
662,1389.314,Total,Commercial,2013,Oct
663,1505.96,Total,Commercial,2013,Nov
664,1708.937,Total,Commercial,2013,Dec
665,1872.85,Total,Commercial,2014,Jan
666,1635.36,Total,Commercial,2014,Feb
667,1625.427,Total,Commercial,2014,Mar
668,1348.376,Total,Commercial,2014,Apr
669,1393.559,Total,Commercial,2014,May
670,1442.923,Total,Commercial,2014,Jun
671,1495.189,Total,Commercial,2014,Jul
672,1487.872,Total,Commercial,2014,Aug
673,1387.088,Total,Commercial,2014,Sep
674,1397.394,Total,Commercial,2014,Oct
675,1543.731,Total,Commercial,2014,Nov
676,1632.839,Total,Commercial,2014,Dec
677,1810.183,Total,Commercial,2015,Jan
678,1713.597,Total,Commercial,2015,Feb
679,1562.746,Total,Commercial,2015,Mar
680,1352.825,Total,Commercial,2015,Apr
681,1388.195,Total,Commercial,2015,May
682,1447.335,Total,Commercial,2015,Jun
683,1537.912,Total,Commercial,2015,Jul
684,1515.246,Total,Commercial,2015,Aug
685,1410.324,Total,Commercial,2015,Sep
686,1405.136,Total,Commercial,2015,Oct
687,1454.748,Total,Commercial,2015,Nov
688,1556.667,Total,Commercial,2015,Dec
689,1758.699,Total,Commercial,2016,Jan
690,1542.596,Total,Commercial,2016,Feb
691,1440.021,Total,Commercial,2016,Mar
692,1346.195,Total,Commercial,2016,Apr
693,1373.654,Total,Commercial,2016,May
694,1460.543,Total,Commercial,2016,Jun
695,1556.292,Total,Commercial,2016,Jul
696,1564.342,Total,Commercial,2016,Aug
697,1416.452,Total,Commercial,2016,Sep
698,1395.045,Total,Commercial,2016,Oct
699,1428.794,Total,Commercial,2016,Nov
700,1744.579,Total,Commercial,2016,Dec
701,1716.047,Total,Commercial,2017,Jan
702,1441.823,Total,Commercial,2017,Feb
703,1568.307,Total,Commercial,2017,Mar
704,1325.19,Total,Commercial,2017,Apr
705,1387.473,Total,Commercial,2017,May
706,1432.886,Total,Commercial,2017,Jun
707,1522.488,Total,Commercial,2017,Jul
708,1481.889,Total,Commercial,2017,Aug
709,1373.117,Total,Commercial,2017,Sep
710,1405.837,Total,Commercial,2017,Oct
711,1488.997,Total,Commercial,2017,Nov
712,1753.392,Total,Commercial,2017,Dec
713,1853.35,Total,Commercial,2018,Jan
714,1525.561,Total,Commercial,2018,Feb
715,1603.148,Total,Commercial,2018,Mar
716,1423.26,Total,Commercial,2018,Apr
717,1412.837,Total,Commercial,2018,May
718,1451.726,Total,Commercial,2018,Jun
719,1536.418,Total,Commercial,2018,Jul
720,1538.335,Total,Commercial,2018,Aug
721,1396.375,Total,Commercial,2018,Sep
722,1446.724,Total,Commercial,2018,Oct
723,1571.432,Total,Commercial,2018,Nov
724,1682.526,Total,Commercial,2018,Dec
725,1810.657,Total,Commercial,2019,Jan
726,1581.604,Total,Commercial,2019,Feb
727,1598.003,Total,Commercial,2019,Mar
728,1339.564,Total,Commercial,2019,Apr
729,1391.165,Total,Commercial,2019,May
730,1371.929,Total,Commercial,2019,Jun
731,1507.846,Total,Commercial,2019,Jul
732,1495.571,Total,Commercial,2019,Aug
733,1375.991,Total,Commercial,2019,Sep
734,1376.264,Total,Commercial,2019,Oct
735,1526.828,Total,Commercial,2019,Nov
736,1640.389,Total,Commercial,2019,Dec
737,1680.232,Total,Commercial,2020,Jan
738,1557.379,Total,Commercial,2020,Feb
739,1436.149,Total,Commercial,2020,Mar
740,1194.683,Total,Commercial,2020,Apr
741,1193.205,Total,Commercial,2020,May
742,1293.86,Total,Commercial,2020,Jun
743,1441.389,Total,Commercial,2020,Jul
744,1403.404,Total,Commercial,2020,Aug
745,1274.798,Total,Commercial,2020,Sep
746,1324.922,Total,Commercial,2020,Oct
747,1346.163,Total,Commercial,2020,Nov
748,1602.824,Total,Commercial,2020,Dec
749,1649.792,Total,Commercial,2021,Jan
750,1597.287,Total,Commercial,2021,Feb
751,1455.633,Total,Commercial,2021,Mar
752,1290.945,Total,Commercial,2021,Apr
753,1314.196,Total,Commercial,2021,May
754,1414.431,Total,Commercial,2021,Jun
755,1473.637,Total,Commercial,2021,Jul
756,1501.468,Total,Commercial,2021,Aug
757,1344.065,Total,Commercial,2021,Sep
758,1354.773,Total,Commercial,2021,Oct
759,1467.705,Total,Commercial,2021,Nov
760,1578.116,Total,Commercial,2021,Dec
761,1839.599,Total,Commercial,2022,Jan
762,1591.799,Total,Commercial,2022,Feb
763,1548.427,Total,Commercial,2022,Mar
764,1377.796,Total,Commercial,2022,Apr
765,1395.103,Total,Commercial,2022,May
766,1424.658,Total,Commercial,2022,Jun
767,1532.892,Total,Commercial,2022,Jul
768,1503.281,Total,Commercial,2022,Aug
769,1818.215,Primary Energy,Industrial,2012,Jan
770,1712.05,Primary Energy,Industrial,2012,Feb
771,1722.527,Primary Energy,Industrial,2012,Mar
772,1647.236,Primary Energy,Industrial,2012,Apr
773,1716.639,Primary Energy,Industrial,2012,May
774,1684.877,Primary Energy,Industrial,2012,Jun
775,1708.11,Primary Energy,Industrial,2012,Jul
776,1760.171,Primary Energy,Industrial,2012,Aug
777,1666.619,Primary Energy,Industrial,2012,Sep
778,1792.245,Primary Energy,Industrial,2012,Oct
779,1759.036,Primary Energy,Industrial,2012,Nov
780,1796.654,Primary Energy,Industrial,2012,Dec
781,1854.239,Primary Energy,Industrial,2013,Jan
782,1666.907,Primary Energy,Industrial,2013,Feb
783,1747.901,Primary Energy,Industrial,2013,Mar
784,1686.222,Primary Energy,Industrial,2013,Apr
785,1756.733,Primary Energy,Industrial,2013,May
786,1705.683,Primary Energy,Industrial,2013,Jun
787,1790.162,Primary Energy,Industrial,2013,Jul
788,1769.114,Primary Energy,Industrial,2013,Aug
789,1788.334,Primary Energy,Industrial,2013,Sep
790,1851.344,Primary Energy,Industrial,2013,Oct
791,1859.769,Primary Energy,Industrial,2013,Nov
792,1907.581,Primary Energy,Industrial,2013,Dec
793,1914.921,Primary Energy,Industrial,2014,Jan
794,1692.983,Primary Energy,Industrial,2014,Feb
795,1759.465,Primary Energy,Industrial,2014,Mar
796,1747.74,Primary Energy,Industrial,2014,Apr
797,1733.678,Primary Energy,Industrial,2014,May
798,1702.729,Primary Energy,Industrial,2014,Jun
799,1792.706,Primary Energy,Industrial,2014,Jul
800,1799.891,Primary Energy,Industrial,2014,Aug
801,1786.12,Primary Energy,Industrial,2014,Sep
802,1847.522,Primary Energy,Industrial,2014,Oct
803,1812.15,Primary Energy,Industrial,2014,Nov
804,1875.264,Primary Energy,Industrial,2014,Dec
805,1907.386,Primary Energy,Industrial,2015,Jan
806,1726.577,Primary Energy,Industrial,2015,Feb
807,1815.431,Primary Energy,Industrial,2015,Mar
808,1741.152,Primary Energy,Industrial,2015,Apr
809,1786.549,Primary Energy,Industrial,2015,May
810,1780.733,Primary Energy,Industrial,2015,Jun
811,1845.272,Primary Energy,Industrial,2015,Jul
812,1830.365,Primary Energy,Industrial,2015,Aug
813,1732.183,Primary Energy,Industrial,2015,Sep
814,1744.449,Primary Energy,Industrial,2015,Oct
815,1708.76,Primary Energy,Industrial,2015,Nov
816,1811.614,Primary Energy,Industrial,2015,Dec
817,1881.025,Primary Energy,Industrial,2016,Jan
818,1807.203,Primary Energy,Industrial,2016,Feb
819,1832.242,Primary Energy,Industrial,2016,Mar
820,1711.613,Primary Energy,Industrial,2016,Apr
821,1732.757,Primary Energy,Industrial,2016,May
822,1722.337,Primary Energy,Industrial,2016,Jun
823,1766.622,Primary Energy,Industrial,2016,Jul
824,1857.006,Primary Energy,Industrial,2016,Aug
825,1755.728,Primary Energy,Industrial,2016,Sep
826,1815.174,Primary Energy,Industrial,2016,Oct
827,1791.968,Primary Energy,Industrial,2016,Nov
828,1898.122,Primary Energy,Industrial,2016,Dec
829,1888.301,Primary Energy,Industrial,2017,Jan
830,1673.587,Primary Energy,Industrial,2017,Feb
831,1878.444,Primary Energy,Industrial,2017,Mar
832,1769.615,Primary Energy,Industrial,2017,Apr
833,1816.197,Primary Energy,Industrial,2017,May
834,1797.038,Primary Energy,Industrial,2017,Jun
835,1848.723,Primary Energy,Industrial,2017,Jul
836,1840.479,Primary Energy,Industrial,2017,Aug
837,1770.186,Primary Energy,Industrial,2017,Sep
838,1847.414,Primary Energy,Industrial,2017,Oct
839,1902.093,Primary Energy,Industrial,2017,Nov
840,1943.927,Primary Energy,Industrial,2017,Dec
841,2000.953,Primary Energy,Industrial,2018,Jan
842,1770.509,Primary Energy,Industrial,2018,Feb
843,1968.812,Primary Energy,Industrial,2018,Mar
844,1813.83,Primary Energy,Industrial,2018,Apr
845,1883.341,Primary Energy,Industrial,2018,May
846,1849.775,Primary Energy,Industrial,2018,Jun
847,1910.832,Primary Energy,Industrial,2018,Jul
848,1989.94,Primary Energy,Industrial,2018,Aug
849,1858.618,Primary Energy,Industrial,2018,Sep
850,1982.437,Primary Energy,Industrial,2018,Oct
851,1926.15,Primary Energy,Industrial,2018,Nov
852,1934.165,Primary Energy,Industrial,2018,Dec
853,2059.002,Primary Energy,Industrial,2019,Jan
854,1777.552,Primary Energy,Industrial,2019,Feb
855,1926.041,Primary Energy,Industrial,2019,Mar
856,1843.168,Primary Energy,Industrial,2019,Apr
857,1902.522,Primary Energy,Industrial,2019,May
858,1832.218,Primary Energy,Industrial,2019,Jun
859,1908.414,Primary Energy,Industrial,2019,Jul
860,1947.327,Primary Energy,Industrial,2019,Aug
861,1870.881,Primary Energy,Industrial,2019,Sep
862,1957.991,Primary Energy,Industrial,2019,Oct
863,1952.132,Primary Energy,Industrial,2019,Nov
864,1995.872,Primary Energy,Industrial,2019,Dec
865,2013.818,Primary Energy,Industrial,2020,Jan
866,1888.748,Primary Energy,Industrial,2020,Feb
867,1941.827,Primary Energy,Industrial,2020,Mar
868,1617.109,Primary Energy,Industrial,2020,Apr
869,1685.325,Primary Energy,Industrial,2020,May
870,1686.796,Primary Energy,Industrial,2020,Jun
871,1800.564,Primary Energy,Industrial,2020,Jul
872,1846.309,Primary Energy,Industrial,2020,Aug
873,1785.559,Primary Energy,Industrial,2020,Sep
874,1886.452,Primary Energy,Industrial,2020,Oct
875,1905.2,Primary Energy,Industrial,2020,Nov
876,2006.675,Primary Energy,Industrial,2020,Dec
877,2021.466,Primary Energy,Industrial,2021,Jan
878,1609.693,Primary Energy,Industrial,2021,Feb
879,1889.356,Primary Energy,Industrial,2021,Mar
880,1883.656,Primary Energy,Industrial,2021,Apr
881,1920.079,Primary Energy,Industrial,2021,May
882,1875.864,Primary Energy,Industrial,2021,Jun
883,1900.654,Primary Energy,Industrial,2021,Jul
884,1943.61,Primary Energy,Industrial,2021,Aug
885,1863.546,Primary Energy,Industrial,2021,Sep
886,1943.992,Primary Energy,Industrial,2021,Oct
887,1925.433,Primary Energy,Industrial,2021,Nov
888,2004.963,Primary Energy,Industrial,2021,Dec
889,2045.392,Primary Energy,Industrial,2022,Jan
890,1837.533,Primary Energy,Industrial,2022,Feb
891,1983.727,Primary Energy,Industrial,2022,Mar
892,1874.296,Primary Energy,Industrial,2022,Apr
893,1872.253,Primary Energy,Industrial,2022,May
894,1895.468,Primary Energy,Industrial,2022,Jun
895,1976.202,Primary Energy,Industrial,2022,Jul
896,1960.466,Primary Energy,Industrial,2022,Aug
897,2088.461,End-Use Energy,Industrial,2012,Jan
898,1979.203,End-Use Energy,Industrial,2012,Feb
899,1999.917,End-Use Energy,Industrial,2012,Mar
900,1923.71,End-Use Energy,Industrial,2012,Apr
901,2005.559,End-Use Energy,Industrial,2012,May
902,1970.185,End-Use Energy,Industrial,2012,Jun
903,2005.702,End-Use Energy,Industrial,2012,Jul
904,2060.784,End-Use Energy,Industrial,2012,Aug
905,1946.607,End-Use Energy,Industrial,2012,Sep
906,2075.426,End-Use Energy,Industrial,2012,Oct
907,2028.063,End-Use Energy,Industrial,2012,Nov
908,2064.017,End-Use Energy,Industrial,2012,Dec
909,2128.924,End-Use Energy,Industrial,2013,Jan
910,1928.58,End-Use Energy,Industrial,2013,Feb
911,2022.48,End-Use Energy,Industrial,2013,Mar
912,1959.921,End-Use Energy,Industrial,2013,Apr
913,2046.401,End-Use Energy,Industrial,2013,May
914,1992.871,End-Use Energy,Industrial,2013,Jun
915,2086.62,End-Use Energy,Industrial,2013,Jul
916,2068.709,End-Use Energy,Industrial,2013,Aug
917,2071.615,End-Use Energy,Industrial,2013,Sep
918,2134.471,End-Use Energy,Industrial,2013,Oct
919,2131.472,End-Use Energy,Industrial,2013,Nov
920,2173.946,End-Use Energy,Industrial,2013,Dec
921,2188.389,End-Use Energy,Industrial,2014,Jan
922,1950.293,End-Use Energy,Industrial,2014,Feb
923,2034.265,End-Use Energy,Industrial,2014,Mar
924,2022.424,End-Use Energy,Industrial,2014,Apr
925,2025.004,End-Use Energy,Industrial,2014,May
926,1995.176,End-Use Energy,Industrial,2014,Jun
927,2094.386,End-Use Energy,Industrial,2014,Jul
928,2106.318,End-Use Energy,Industrial,2014,Aug
929,2077.809,End-Use Energy,Industrial,2014,Sep
930,2137.522,End-Use Energy,Industrial,2014,Oct
931,2088.673,End-Use Energy,Industrial,2014,Nov
932,2148.642,End-Use Energy,Industrial,2014,Dec
933,2179.012,End-Use Energy,Industrial,2015,Jan
934,1988.444,End-Use Energy,Industrial,2015,Feb
935,2087.399,End-Use Energy,Industrial,2015,Mar
936,2015.779,End-Use Energy,Industrial,2015,Apr
937,2069.458,End-Use Energy,Industrial,2015,May
938,2074.908,End-Use Energy,Industrial,2015,Jun
939,2144.666,End-Use Energy,Industrial,2015,Jul
940,2131.894,End-Use Energy,Industrial,2015,Aug
941,2021.283,End-Use Energy,Industrial,2015,Sep
942,2028.494,End-Use Energy,Industrial,2015,Oct
943,1976.584,End-Use Energy,Industrial,2015,Nov
944,2078.515,End-Use Energy,Industrial,2015,Dec
945,2150.054,End-Use Energy,Industrial,2016,Jan
946,2069.069,End-Use Energy,Industrial,2016,Feb
947,2102.6,End-Use Energy,Industrial,2016,Mar
948,1979.956,End-Use Energy,Industrial,2016,Apr
949,2010.806,End-Use Energy,Industrial,2016,May
950,2007.826,End-Use Energy,Industrial,2016,Jun
951,2063.727,End-Use Energy,Industrial,2016,Jul
952,2161.017,End-Use Energy,Industrial,2016,Aug
953,2039.809,End-Use Energy,Industrial,2016,Sep
954,2093.584,End-Use Energy,Industrial,2016,Oct
955,2059.542,End-Use Energy,Industrial,2016,Nov
956,2166.361,End-Use Energy,Industrial,2016,Dec
957,2157.197,End-Use Energy,Industrial,2017,Jan
958,1927.896,End-Use Energy,Industrial,2017,Feb
959,2153.213,End-Use Energy,Industrial,2017,Mar
960,2038.817,End-Use Energy,Industrial,2017,Apr
961,2099.852,End-Use Energy,Industrial,2017,May
962,2088.417,End-Use Energy,Industrial,2017,Jun
963,2148.318,End-Use Energy,Industrial,2017,Jul
964,2144.606,End-Use Energy,Industrial,2017,Aug
965,2055.225,End-Use Energy,Industrial,2017,Sep
966,2129.979,End-Use Energy,Industrial,2017,Oct
967,2173.196,End-Use Energy,Industrial,2017,Nov
968,2217.712,End-Use Energy,Industrial,2017,Dec
969,2273.537,End-Use Energy,Industrial,2018,Jan
970,2028.665,End-Use Energy,Industrial,2018,Feb
971,2245.365,End-Use Energy,Industrial,2018,Mar
972,2083.662,End-Use Energy,Industrial,2018,Apr
973,2175.537,End-Use Energy,Industrial,2018,May
974,2141.625,End-Use Energy,Industrial,2018,Jun
975,2215.528,End-Use Energy,Industrial,2018,Jul
976,2304.205,End-Use Energy,Industrial,2018,Aug
977,2150.954,End-Use Energy,Industrial,2018,Sep
978,2273.483,End-Use Energy,Industrial,2018,Oct
979,2202.926,End-Use Energy,Industrial,2018,Nov
980,2208.17,End-Use Energy,Industrial,2018,Dec
981,2340.867,End-Use Energy,Industrial,2019,Jan
982,2038.39,End-Use Energy,Industrial,2019,Feb
983,2202.73,End-Use Energy,Industrial,2019,Mar
984,2117.696,End-Use Energy,Industrial,2019,Apr
985,2191.386,End-Use Energy,Industrial,2019,May
986,2122.211,End-Use Energy,Industrial,2019,Jun
987,2218.06,End-Use Energy,Industrial,2019,Jul
988,2258.03,End-Use Energy,Industrial,2019,Aug
989,2164.86,End-Use Energy,Industrial,2019,Sep
990,2245.95,End-Use Energy,Industrial,2019,Oct
991,2223.811,End-Use Energy,Industrial,2019,Nov
992,2269.156,End-Use Energy,Industrial,2019,Dec
993,2288.854,End-Use Energy,Industrial,2020,Jan
994,2157.964,End-Use Energy,Industrial,2020,Feb
995,2217.962,End-Use Energy,Industrial,2020,Mar
996,1865.472,End-Use Energy,Industrial,2020,Apr
997,1938.745,End-Use Energy,Industrial,2020,May
998,1954.45,End-Use Energy,Industrial,2020,Jun
999,2089.76,End-Use Energy,Industrial,2020,Jul
1000,2140.991,End-Use Energy,Industrial,2020,Aug
1001,2061.852,End-Use Energy,Industrial,2020,Sep
1002,2167.504,End-Use Energy,Industrial,2020,Oct
1003,2175.317,End-Use Energy,Industrial,2020,Nov
1004,2277.901,End-Use Energy,Industrial,2020,Dec
1005,2291.37,End-Use Energy,Industrial,2021,Jan
1006,1859.239,End-Use Energy,Industrial,2021,Feb
1007,2149.669,End-Use Energy,Industrial,2021,Mar
1008,2152.304,End-Use Energy,Industrial,2021,Apr
1009,2202.082,End-Use Energy,Industrial,2021,May
1010,2166.91,End-Use Energy,Industrial,2021,Jun
1011,2205.657,End-Use Energy,Industrial,2021,Jul
1012,2251.291,End-Use Energy,Industrial,2021,Aug
1013,2152.97,End-Use Energy,Industrial,2021,Sep
1014,2230.723,End-Use Energy,Industrial,2021,Oct
1015,2203.608,End-Use Energy,Industrial,2021,Nov
1016,2283.444,End-Use Energy,Industrial,2021,Dec
1017,2329.564,End-Use Energy,Industrial,2022,Jan
1018,2096.562,End-Use Energy,Industrial,2022,Feb
1019,2266.589,End-Use Energy,Industrial,2022,Mar
1020,2151.332,End-Use Energy,Industrial,2022,Apr
1021,2161.905,End-Use Energy,Industrial,2022,May
1022,2197.484,End-Use Energy,Industrial,2022,Jun
1023,2281.071,End-Use Energy,Industrial,2022,Jul
1024,2272.852,End-Use Energy,Industrial,2022,Aug
1025,2635.44,Total,Industrial,2012,Jan
1026,2504.529,Total,Industrial,2012,Feb
1027,2550.056,Total,Industrial,2012,Mar
1028,2469.851,Total,Industrial,2012,Apr
1029,2616.416,Total,Industrial,2012,May
1030,2561.143,Total,Industrial,2012,Jun
1031,2629.503,Total,Industrial,2012,Jul
1032,2661.17,Total,Industrial,2012,Aug
1033,2481.598,Total,Industrial,2012,Sep
1034,2631.772,Total,Industrial,2012,Oct
1035,2579.578,Total,Industrial,2012,Nov
1036,2632.892,Total,Industrial,2012,Dec
1037,2681.894,Total,Industrial,2013,Jan
1038,2434.274,Total,Industrial,2013,Feb
1039,2575.785,Total,Industrial,2013,Mar
1040,2500.663,Total,Industrial,2013,Apr
1041,2648.478,Total,Industrial,2013,May
1042,2591.724,Total,Industrial,2013,Jun
1043,2693.641,Total,Industrial,2013,Jul
1044,2672.199,Total,Industrial,2013,Aug
1045,2613.324,Total,Industrial,2013,Sep
1046,2687.534,Total,Industrial,2013,Oct
1047,2698.639,Total,Industrial,2013,Nov
1048,2731.757,Total,Industrial,2013,Dec
1049,2755.391,Total,Industrial,2014,Jan
1050,2445.981,Total,Industrial,2014,Feb
1051,2593.094,Total,Industrial,2014,Mar
1052,2560.301,Total,Industrial,2014,Apr
1053,2629.921,Total,Industrial,2014,May
1054,2601.958,Total,Industrial,2014,Jun
1055,2710.007,Total,Industrial,2014,Jul
1056,2725.326,Total,Industrial,2014,Aug
1057,2622.458,Total,Industrial,2014,Sep
1058,2692.942,Total,Industrial,2014,Oct
1059,2664.017,Total,Industrial,2014,Nov
1060,2698.877,Total,Industrial,2014,Dec
1061,2718.105,Total,Industrial,2015,Jan
1062,2502.957,Total,Industrial,2015,Feb
1063,2599.179,Total,Industrial,2015,Mar
1064,2536.846,Total,Industrial,2015,Apr
1065,2650.456,Total,Industrial,2015,May
1066,2674.256,Total,Industrial,2015,Jun
1067,2749.708,Total,Industrial,2015,Jul
1068,2722.591,Total,Industrial,2015,Aug
1069,2559.525,Total,Industrial,2015,Sep
1070,2556.022,Total,Industrial,2015,Oct
1071,2503.039,Total,Industrial,2015,Nov
1072,2598.916,Total,Industrial,2015,Dec
1073,2683.699,Total,Industrial,2016,Jan
1074,2554.238,Total,Industrial,2016,Feb
1075,2606.827,Total,Industrial,2016,Mar
1076,2495.54,Total,Industrial,2016,Apr
1077,2567.863,Total,Industrial,2016,May
1078,2585.737,Total,Industrial,2016,Jun
1079,2663.426,Total,Industrial,2016,Jul
1080,2744.463,Total,Industrial,2016,Aug
1081,2558.609,Total,Industrial,2016,Sep
1082,2615.118,Total,Industrial,2016,Oct
1083,2571.666,Total,Industrial,2016,Nov
1084,2714.112,Total,Industrial,2016,Dec
1085,2683.722,Total,Industrial,2017,Jan
1086,2402.406,Total,Industrial,2017,Feb
1087,2692.057,Total,Industrial,2017,Mar
1088,2553.185,Total,Industrial,2017,Apr
1089,2664.773,Total,Industrial,2017,May
1090,2656.857,Total,Industrial,2017,Jun
1091,2738.022,Total,Industrial,2017,Jul
1092,2714.966,Total,Industrial,2017,Aug
1093,2577.251,Total,Industrial,2017,Sep
1094,2661.57,Total,Industrial,2017,Oct
1095,2702.221,Total,Industrial,2017,Nov
1096,2773.255,Total,Industrial,2017,Dec
1097,2800.188,Total,Industrial,2018,Jan
1098,2497.092,Total,Industrial,2018,Feb
1099,2769.026,Total,Industrial,2018,Mar
1100,2591.51,Total,Industrial,2018,Apr
1101,2762.365,Total,Industrial,2018,May
1102,2710.766,Total,Industrial,2018,Jun
1103,2805.532,Total,Industrial,2018,Jul
1104,2888.52,Total,Industrial,2018,Aug
1105,2680.511,Total,Industrial,2018,Sep
1106,2794.743,Total,Industrial,2018,Oct
1107,2748.579,Total,Industrial,2018,Nov
1108,2738.743,Total,Industrial,2018,Dec
1109,2878.175,Total,Industrial,2019,Jan
1110,2512.845,Total,Industrial,2019,Feb
1111,2716.032,Total,Industrial,2019,Mar
1112,2623.563,Total,Industrial,2019,Apr
1113,2750.77,Total,Industrial,2019,May
1114,2671.297,Total,Industrial,2019,Jun
1115,2796.053,Total,Industrial,2019,Jul
1116,2825.666,Total,Industrial,2019,Aug
1117,2685.024,Total,Industrial,2019,Sep
1118,2738.218,Total,Industrial,2019,Oct
1119,2738.436,Total,Industrial,2019,Nov
1120,2773.242,Total,Industrial,2019,Dec
1121,2786.757,Total,Industrial,2020,Jan
1122,2642.858,Total,Industrial,2020,Feb
1123,2704.908,Total,Industrial,2020,Mar
1124,2301.74,Total,Industrial,2020,Apr
1125,2417.864,Total,Industrial,2020,May
1126,2455.205,Total,Industrial,2020,Jun
1127,2619.031,Total,Industrial,2020,Jul
1128,2680.597,Total,Industrial,2020,Aug
1129,2530.874,Total,Industrial,2020,Sep
1130,2659.679,Total,Industrial,2020,Oct
1131,2671.692,Total,Industrial,2020,Nov
1132,2777.766,Total,Industrial,2020,Dec
1133,2793.031,Total,Industrial,2021,Jan
1134,2329.739,Total,Industrial,2021,Feb
1135,2615.268,Total,Industrial,2021,Mar
1136,2634.56,Total,Industrial,2021,Apr
1137,2735.425,Total,Industrial,2021,May
1138,2720.586,Total,Industrial,2021,Jun
1139,2770.66,Total,Industrial,2021,Jul
1140,2819.065,Total,Industrial,2021,Aug
1141,2650.453,Total,Industrial,2021,Sep
1142,2734.44,Total,Industrial,2021,Oct
1143,2726.159,Total,Industrial,2021,Nov
1144,2807.264,Total,Industrial,2021,Dec
1145,2887.243,Total,Industrial,2022,Jan
1146,2569.052,Total,Industrial,2022,Feb
1147,2774.577,Total,Industrial,2022,Mar
1148,2646.879,Total,Industrial,2022,Apr
1149,2718.215,Total,Industrial,2022,May
1150,2767.902,Total,Industrial,2022,Jun
1151,2852.64,Total,Industrial,2022,Jul
1152,2830.695,Total,Industrial,2022,Aug