"","text","favorited","favoriteCount","replyToSN","created","truncated","replyToSID","id","replyToUID","statusSource","screenName","retweetCount","isRetweet","retweeted","longitude","latitude"
"1","Engie expects to move forward with three South African solar projects this week as the nation struggles to accelera‚Ä¶ https://t.co/00TmAbbq8W",FALSE,0,NA,2022-12-07 05:57:25,TRUE,NA,"1600368866227621888",NA,"<a href=""http://www.socialflow.com"" rel=""nofollow"">SocialFlow</a>","BloombergAsia",0,FALSE,FALSE,NA,NA
"2","RT @scienceisstrat1: Good news alert üëá

Solar PV‚Äôs installed power capacity is poised to surpass natural gas by 2026 and coal by 2027, beco‚Ä¶",FALSE,0,NA,2022-12-07 05:57:00,FALSE,NA,"1600368761218813954",NA,"<a href=""http://twitter.com/download/android"" rel=""nofollow"">Twitter for Android</a>","WillemienVan",38,TRUE,FALSE,NA,NA
"3","@Andrei_Ilas @AngelicaOung Nuclear is dying, Solar and Wind have already won...   Why?  Economics, read and learn:‚Ä¶ https://t.co/11cQRr5k0p",FALSE,0,"Andrei_Ilas",2022-12-07 05:56:59,TRUE,"1600367871841796096","1600368757880532993","517650747","<a href=""https://mobile.twitter.com"" rel=""nofollow"">Twitter Web App</a>","lleopard11",0,FALSE,FALSE,NA,NA
"4","Getting word from extended family this is turning into a crises. Gas super expensive. No way to cook cuz gas is off‚Ä¶ https://t.co/srHKZLFzGq",FALSE,0,NA,2022-12-07 05:56:47,TRUE,NA,"1600368706919755776",NA,"<a href=""http://twitter.com/download/iphone"" rel=""nofollow"">Twitter for iPhone</a>","azrael2600",0,FALSE,FALSE,NA,NA
"5","RT @tottaway22: $PBR - one of the best values out there ~20%+ div yield at $75 Brent

Petrobras is the National Brazilian Integrated Oil &amp;‚Ä¶",FALSE,0,NA,2022-12-07 05:56:46,FALSE,NA,"1600368700397215744",NA,"<a href=""https://mobile.twitter.com"" rel=""nofollow"">Twitter Web App</a>","Btico19",27,TRUE,FALSE,NA,NA
"6","2 in1 Sweeper Machine,52cc 2 Stroke 2.3HP Gas Power Sweeper with Blower Handheld https://t.co/BLUGvyhhcL eBay https://t.co/j5rkyVurqg",FALSE,0,NA,2022-12-07 05:56:35,FALSE,NA,"1600368655380131840",NA,"<a href=""https://dlvrit.com/"" rel=""nofollow"">dlvr.it</a>","janitorial_and",0,FALSE,FALSE,NA,NA
"7","Wind power electric wall. Can be used as a landscape to provide electricity for the scenic area. The color shape ca‚Ä¶ https://t.co/78OEpyE6PX",FALSE,0,NA,2022-12-07 05:56:26,TRUE,NA,"1600368619401416705",NA,"<a href=""https://mobile.twitter.com"" rel=""nofollow"">Twitter Web App</a>","ZhuhaiS",0,FALSE,FALSE,NA,NA
"8","Taking into account the discriminate double dipping of the Supermarket duopoly &amp; the rubbish they‚Äôre pumping out,‚Ä¶ https://t.co/Lawn4o9Cx6",FALSE,1,NA,2022-12-07 05:55:36,TRUE,NA,"1600368407282479105",NA,"<a href=""http://twitter.com/#!/download/ipad"" rel=""nofollow"">Twitter for iPad</a>","CharlesSzulc",0,FALSE,FALSE,NA,NA
"9","@AngelicaOung @Andrei_Ilas In less than 10 years Solar and Wind went from nothing to generating more energy than al‚Ä¶ https://t.co/r27UD7hW80",FALSE,0,"AngelicaOung",2022-12-07 05:55:04,TRUE,"1600364987356418050","1600368275057102849","2576875908","<a href=""https://mobile.twitter.com"" rel=""nofollow"">Twitter Web App</a>","lleopard11",0,FALSE,FALSE,NA,NA
"10","RT @0CynicalBastard: December 6, 2022. 19 days until Christmas, 26 days until 2023. All I want is a government in Alberta that cares about‚Ä¶",FALSE,0,NA,2022-12-07 05:54:58,FALSE,NA,"1600368250021289984",NA,"<a href=""http://twitter.com/#!/download/ipad"" rel=""nofollow"">Twitter for iPad</a>","IamaCassandra",11,TRUE,FALSE,NA,NA
"11","RT @NASA: Can we fix it? Yes, we can üîß

Astronauts Josh Cassada and Frank Rubio have successfully installed Roll-Out Solar Array on the sta‚Ä¶",FALSE,0,NA,2022-12-07 05:54:03,FALSE,NA,"1600368018315677696",NA,"<a href=""https://mobile.twitter.com"" rel=""nofollow"">Twitter Web App</a>","MeganCovey10",435,TRUE,FALSE,NA,NA
"12","RT @Mining_Atoms: One persistent myth about Nuclear Power is that it is inflexible and therefore requires gas backup and other such nonsens‚Ä¶",FALSE,0,NA,2022-12-07 05:53:35,FALSE,NA,"1600367902007341056",NA,"<a href=""https://mobile.twitter.com"" rel=""nofollow"">Twitter Web App</a>","Thorium_232",27,TRUE,FALSE,NA,NA
"13","Switch to Wolta Power system and get the premium quality product!

‚úÖ All in One solar street lights use solar panel‚Ä¶ https://t.co/aGYIGjkvpq",FALSE,1,NA,2022-12-07 05:53:35,TRUE,NA,"1600367899717570560",NA,"<a href=""https://mobile.twitter.com"" rel=""nofollow"">Twitter Web App</a>","PowerWolta",0,FALSE,FALSE,NA,NA
"14","RT @CoryBMorgan: Hydrocarbons are keeping you alive today. 

Solar and wind are just tax sucking money pits. 

https://t.co/28kJu8RvGD",FALSE,0,NA,2022-12-07 05:53:25,FALSE,NA,"1600367860505006082",NA,"<a href=""http://twitter.com/#!/download/ipad"" rel=""nofollow"">Twitter for iPad</a>","MelKarl3",50,TRUE,FALSE,NA,NA
"15","RT @AlexEpstein: Summary: The ""IRA"" is a 4-step recipe for making our energy expensive and unreliable

1. Make us more dependent on unrelia‚Ä¶",FALSE,0,NA,2022-12-07 05:53:16,FALSE,NA,"1600367821674119171",NA,"<a href=""http://twitter.com/#!/download/ipad"" rel=""nofollow"">Twitter for iPad</a>","BillSekerak",58,TRUE,FALSE,NA,NA
"16","RT @IEA: Renewables are on track to overtake coal as the largest source of global electricity by early 2025

And by 2027, solar PV alone is‚Ä¶",FALSE,0,NA,2022-12-07 05:52:45,FALSE,NA,"1600367691365502977",NA,"<a href=""https://mobile.twitter.com"" rel=""nofollow"">Twitter Web App</a>","VisionRI_",36,TRUE,FALSE,NA,NA
"17","RT @Mining_Atoms: Wind-Solar-Batteries - How to do lots less with lots more
Nuclear Power - How to do lots more with lots less https://t.co‚Ä¶",FALSE,0,NA,2022-12-07 05:52:41,FALSE,NA,"1600367675514888193",NA,"<a href=""http://twitter.com/download/iphone"" rel=""nofollow"">Twitter for iPhone</a>","gunnfinancial",33,TRUE,FALSE,NA,NA
"18","The earth rumbled violently, a bright flash illuminating an area.

""TrAvel ComPleTe. PoWer sYstEms lOw.  ActivAtIng‚Ä¶ https://t.co/85vgoaJIvm",FALSE,0,NA,2022-12-07 05:52:06,TRUE,NA,"1600367528370315264",NA,"<a href=""http://twitter.com/download/android"" rel=""nofollow"">Twitter for Android</a>","Horrorsalive",0,FALSE,FALSE,NA,NA
"19","@simonahac @Tesla @Solar_Quotes We were going to expand our solar array on our home and implement a Tesla powerwall‚Ä¶ https://t.co/EbelPrrWKb",FALSE,1,"simonahac",2022-12-07 05:51:42,TRUE,"1600363598936612865","1600367427870945280","870629200348274688","<a href=""https://mobile.twitter.com"" rel=""nofollow"">Twitter Web App</a>","fringeSimo",0,FALSE,FALSE,NA,NA
"20","@RepJeffries How deluded, inflation has surpassed wage increases by 2 to 1, fail 1, gas prices are still higher tod‚Ä¶ https://t.co/5XonkH6dDF",FALSE,0,"RepJeffries",2022-12-07 05:51:11,TRUE,"1599389755300519944","1600367296970911745","467823431","<a href=""http://twitter.com/#!/download/ipad"" rel=""nofollow"">Twitter for iPad</a>","Maar1Stewart",0,FALSE,FALSE,NA,NA
"21","RT @CellularTinny: Shop 8 Byo Centre, ground floor next Jet

Load shedding ...no stress ,we've got you coveredü§©

Get your 200ah Solar Batte‚Ä¶",FALSE,0,NA,2022-12-07 05:50:15,FALSE,NA,"1600367062966308866",NA,"<a href=""http://twitter.com/download/android"" rel=""nofollow"">Twitter for Android</a>","AdmireChipanga",46,TRUE,FALSE,NA,NA
"22","RT @BloombergAfrica: Engie expects to move forward with three South African solar projects this week as the nation struggles to accelerate‚Ä¶",FALSE,0,NA,2022-12-07 05:50:15,FALSE,NA,"1600367060886126592",NA,"<a href=""http://twitter.com/download/iphone"" rel=""nofollow"">Twitter for iPhone</a>","RouaudPO",1,TRUE,FALSE,NA,NA
"23","Taming the Sun: Innovations to Harness Solar Energy and Power the Planet Q3WIEF5

https://t.co/b00h6iqDUI https://t.co/yh14y8E1AE",FALSE,0,NA,2022-12-07 05:49:59,FALSE,NA,"1600366992967749632",NA,"<a href=""https://mobile.twitter.com"" rel=""nofollow"">Twitter Web App</a>","kub81ont",0,FALSE,FALSE,NA,NA
"24","RT @PeterDClack: The western world is dismantling the oil/coal/gas power that created modern society. It's energy suicide, that will take u‚Ä¶",FALSE,0,NA,2022-12-07 05:48:40,FALSE,NA,"1600366661533573123",NA,"<a href=""http://twitter.com/download/android"" rel=""nofollow"">Twitter for Android</a>","_Drink_Mee",5328,TRUE,FALSE,NA,NA
"25","RT @LukeEdison20: @POTUS Just so we are all clear here: 

Electricity does not cleanly &amp; magically populate in wall sockets or at charging‚Ä¶",FALSE,0,NA,2022-12-07 05:48:37,FALSE,NA,"1600366650259185664",NA,"<a href=""http://twitter.com/download/android"" rel=""nofollow"">Twitter for Android</a>","EaterCereal",38,TRUE,FALSE,NA,NA
"26","One of the reasons poor Durbs only gets LS at stage 4 and then for only 2hrs/day, is that our power consumption is‚Ä¶ https://t.co/ceZznuQhpc",FALSE,1,NA,2022-12-07 05:48:10,TRUE,NA,"1600366539038814208",NA,"<a href=""http://twitter.com/download/iphone"" rel=""nofollow"">Twitter for iPhone</a>","rinmor",0,FALSE,FALSE,NA,NA
"27","Together with @polskapomoc and üáµüá± missionaries, in 2022 we have completed 3 development projects in #PapuaNewGuinea‚Ä¶ https://t.co/59X5SAUwdg",FALSE,0,NA,2022-12-07 05:47:45,TRUE,NA,"1600366431958278144",NA,"<a href=""https://mobile.twitter.com"" rel=""nofollow"">Twitter Web App</a>","PLinAustralia",0,FALSE,FALSE,NA,NA
"28","The U.S. wants to slash carbon emissions from power plants. Natural gas is in the way #climatechange

https://t.co/2UxZ5gsRkw",FALSE,0,NA,2022-12-07 05:47:06,FALSE,NA,"1600366268011331584",NA,"<a href=""http://twitter.com/download/android"" rel=""nofollow"">Twitter for Android</a>","rebootingfuture",0,FALSE,FALSE,NA,NA
"29","RT @wifednmompilled: getting increasingly concerned about climate change, I propose a sustainable reparations initiative: only POCs get to‚Ä¶",FALSE,0,NA,2022-12-07 05:46:49,FALSE,NA,"1600366195672481793",NA,"<a href=""http://twitter.com/download/iphone"" rel=""nofollow"">Twitter for iPhone</a>","PaleoMarxism",1,TRUE,FALSE,NA,NA
"30","@RachelNotley You are a  Fraud. At 1 time the NDP where was the working man's party. No more as proven by truckers‚Ä¶ https://t.co/lSDs106JEv",FALSE,0,"RachelNotley",2022-12-07 05:46:38,TRUE,"1600359789556817920","1600366150713749505","42836999","<a href=""http://twitter.com/download/android"" rel=""nofollow"">Twitter for Android</a>","trucker8531",0,FALSE,FALSE,NA,NA
"31","@POTUS Why does anybody ask, if green energy is so good,. Where is Al Gore?  He has a mansion putting a large carbo‚Ä¶ https://t.co/zExdcanmV9",FALSE,0,"POTUS",2022-12-07 05:46:32,TRUE,"1600247638254837786","1600366124616384512","1349149096909668363","<a href=""http://twitter.com/download/android"" rel=""nofollow"">Twitter for Android</a>","MasterMario333",0,FALSE,FALSE,NA,NA
"32","RT @daddyhope: What ZANUPF promises doesn‚Äôt get delivered.
That would have been ok if it allowed those with ideas to flourish, but I stands‚Ä¶",FALSE,0,NA,2022-12-07 05:46:02,FALSE,NA,"1600366000482193408",NA,"<a href=""https://mobile.twitter.com"" rel=""nofollow"">Twitter Web App</a>","TAPMabvuva",134,TRUE,FALSE,NA,NA
"33","@RachelNotley You are a  Fraud. At 1 time the NDP where was the working man's party. No more as proven by truckers‚Ä¶ https://t.co/SKYHC0iwMe",FALSE,0,"RachelNotley",2022-12-07 05:45:49,TRUE,"1600362009119293441","1600365946350505984","42836999","<a href=""http://twitter.com/download/android"" rel=""nofollow"">Twitter for Android</a>","trucker8531",0,FALSE,FALSE,NA,NA
"34","thinking about lordes BBL dress from the solar power tour",FALSE,0,NA,2022-12-07 05:45:28,FALSE,NA,"1600365858706100225",NA,"<a href=""http://twitter.com/download/iphone"" rel=""nofollow"">Twitter for iPhone</a>","wontdieforlove_",0,FALSE,FALSE,NA,NA
"35","getting increasingly concerned about climate change, I propose a sustainable reparations initiative: only POCs get‚Ä¶ https://t.co/Hlr00zo0Tv",FALSE,2,NA,2022-12-07 05:45:19,TRUE,NA,"1600365821926088704",NA,"<a href=""https://mobile.twitter.com"" rel=""nofollow"">Twitter Web App</a>","wifednmompilled",1,FALSE,FALSE,NA,NA
"36","MOTORCYLE BRAND Yamaha Motor Philippines, Inc. energized on Monday its 170-kilowatt peak (kWp) solar rooftop photov‚Ä¶ https://t.co/Pj5BA0HXXf",FALSE,0,NA,2022-12-07 05:45:00,TRUE,NA,"1600365738984079360",NA,"<a href=""https://social.zoho.com"" rel=""nofollow"">Zoho Social</a>","bworldph",0,FALSE,FALSE,NA,NA
"37","RT @alissajean: Hey FL. Your power bill is going up (again) because of decisions that your power company made to remain over-reliant on out‚Ä¶",FALSE,0,NA,2022-12-07 05:44:00,FALSE,NA,"1600365487312994304",NA,"<a href=""https://mobile.twitter.com"" rel=""nofollow"">Twitter Web App</a>","LeilaCampagnuo1",560,TRUE,FALSE,NA,NA
"38","RT @cooltheearth: Can you help stop the California Public Utilities Commission's new NEM 3 proposal? It is a gift to the utilities and not‚Ä¶",FALSE,0,NA,2022-12-07 05:43:56,FALSE,NA,"1600365471760797696",NA,"<a href=""https://mobile.twitter.com"" rel=""nofollow"">Twitter Web App</a>","GreenInvestGuy",2,TRUE,FALSE,NA,NA
"39","Grinaker-LTA‚Äôs role in the Redstone Concentrated Solar Thermal (CSP) power plant project in the Northern Cape, whic‚Ä¶ https://t.co/arA0PXvJgY",FALSE,0,NA,2022-12-07 05:43:54,TRUE,NA,"1600365463791624192",NA,"<a href=""https://mobile.twitter.com"" rel=""nofollow"">Twitter Web App</a>","BusinessNewsCT",0,FALSE,FALSE,NA,NA
"40","RT @Ajay_Bagga: Solar power expected to surpass coal in 5 years, IEA says.Renewable energy forecast to become largest source of electricity‚Ä¶",FALSE,0,NA,2022-12-07 05:43:30,FALSE,NA,"1600365361328594944",NA,"<a href=""http://twitter.com/download/android"" rel=""nofollow"">Twitter for Android</a>","India_Infra_Mfg",10,TRUE,FALSE,NA,NA
"41","@artofinvestmnt Green energy, corp onshoaring, utilities (imagine all that transport energy transitioning from oil to power plants)",FALSE,0,"artofinvestmnt",2022-12-07 05:43:12,FALSE,"1600120445621211136","1600365288536489984","1182764647901884416","<a href=""https://mobile.twitter.com"" rel=""nofollow"">Twitter Web App</a>","TomWsf",0,FALSE,FALSE,NA,NA
"42","Breakthrough solar harvesting system can generate power 24 hours a day

https://t.co/xW3BWPzwiJ",FALSE,0,NA,2022-12-07 05:42:59,FALSE,NA,"1600365233817931776",NA,"<a href=""http://twitter.com/download/android"" rel=""nofollow"">Twitter for Android</a>","PaulOthStone",0,FALSE,FALSE,NA,NA
"43","@HeraldZimbabwe They're lying these people,they create false power cuts so that their Gas businesses to grow much quicker.",FALSE,0,"HeraldZimbabwe",2022-12-07 05:42:54,FALSE,"1600363113504808960","1600365211919286273","947872754","<a href=""http://twitter.com/download/android"" rel=""nofollow"">Twitter for Android</a>","MaclaurenMacla1",0,FALSE,FALSE,NA,NA
"44","RT @oxbofkin: Is Chris Bowen MP the full quid? He said power bills are going up because of the war in Ukraine and overseas demand on coal a‚Ä¶",FALSE,0,NA,2022-12-07 05:42:12,FALSE,NA,"1600365034110345216",NA,"<a href=""http://twitter.com/#!/download/ipad"" rel=""nofollow"">Twitter for iPad</a>","sinbad202",61,TRUE,FALSE,NA,NA
"45","RT @scienceisstrat1: Good news alert üëá

Solar PV‚Äôs installed power capacity is poised to surpass natural gas by 2026 and coal by 2027, beco‚Ä¶",FALSE,0,NA,2022-12-07 05:42:09,FALSE,NA,"1600365023616184321",NA,"<a href=""http://twitter.com/download/iphone"" rel=""nofollow"">Twitter for iPhone</a>","peacefinder",38,TRUE,FALSE,NA,NA
"46","RT @austbondlover: To all Australian politicians.
STOP blaming the Ukraine invasion on inflation. It has nothing to do with our prices. Our‚Ä¶",FALSE,0,NA,2022-12-07 05:41:12,FALSE,NA,"1600364785215844354",NA,"<a href=""http://twitter.com/download/android"" rel=""nofollow"">Twitter for Android</a>","AllanBr45802166",4,TRUE,FALSE,NA,NA
"47","@NadeefSO @Gekotweets Can the solar power entrepreneurs join with fridge businesses and create some freezer locatio‚Ä¶ https://t.co/74xHA4Nc5k",FALSE,1,"NadeefSO",2022-12-07 05:40:24,TRUE,"1599417362247139329","1600364582127558656","108620042","<a href=""http://twitter.com/download/iphone"" rel=""nofollow"">Twitter for iPhone</a>","Kiikaley",0,FALSE,FALSE,NA,NA
"48","RT @oxbofkin: Is Chris Bowen MP the full quid? He said power bills are going up because of the war in Ukraine and overseas demand on coal a‚Ä¶",FALSE,0,NA,2022-12-07 05:38:54,FALSE,NA,"1600364205001297920",NA,"<a href=""http://twitter.com/download/android"" rel=""nofollow"">Twitter for Android</a>","AllanBr45802166",61,TRUE,FALSE,NA,NA
"49","@Andrei_Ilas @AngelicaOung ‚Äúfirmed renewables ‚Äù ‚Äì wind and solar backed up by storage and new transmission ‚Äì which‚Ä¶ https://t.co/fsSXk5FskO",FALSE,0,"Andrei_Ilas",2022-12-07 05:38:44,TRUE,"1600362967781892096","1600364164819857408","517650747","<a href=""https://mobile.twitter.com"" rel=""nofollow"">Twitter Web App</a>","lleopard11",0,FALSE,FALSE,NA,NA
"50","Did I say 'pushy' - it must have pushed down a tree somewhere because we've just had a power outage, but only for 3‚Ä¶ https://t.co/dXT85MXZ67",FALSE,2,NA,2022-12-07 05:38:25,TRUE,NA,"1600364085635600384",NA,"<a href=""https://mobile.twitter.com"" rel=""nofollow"">Twitter Web App</a>","TrishaNicholson",0,FALSE,FALSE,NA,NA
"51","@Andrei_Ilas @AngelicaOung Exactly, that is why more RE brings costs down.
  
""South Australia ‚Äì maligned by conser‚Ä¶ https://t.co/TtSp0yJGLs",FALSE,0,"Andrei_Ilas",2022-12-07 05:37:55,TRUE,"1600362967781892096","1600363958518652928","517650747","<a href=""https://mobile.twitter.com"" rel=""nofollow"">Twitter Web App</a>","lleopard11",0,FALSE,FALSE,NA,NA
"52","RT @alissajean: Hey FL. Your power bill is going up (again) because of decisions that your power company made to remain over-reliant on out‚Ä¶",FALSE,0,NA,2022-12-07 05:37:39,FALSE,NA,"1600363890432352257",NA,"<a href=""http://twitter.com/download/android"" rel=""nofollow"">Twitter for Android</a>","JustAHuskerGal",560,TRUE,FALSE,NA,NA
"53","RT @austbondlover: To all Australian politicians.
STOP blaming the Ukraine invasion on inflation. It has nothing to do with our prices. Our‚Ä¶",FALSE,0,NA,2022-12-07 05:37:36,FALSE,NA,"1600363876247560194",NA,"<a href=""http://twitter.com/#!/download/ipad"" rel=""nofollow"">Twitter for iPad</a>","dendog43",4,TRUE,FALSE,NA,NA
"54","RT @aptechsolar: Do you want to cut the electricity bills for your business by up to 80%? @aptechsolar has an expert #team of #engineers re‚Ä¶",FALSE,0,NA,2022-12-07 05:37:34,FALSE,NA,"1600363869297205250",NA,"<a href=""http://twitter.com/download/android"" rel=""nofollow"">Twitter for Android</a>","EchoduRamathan",1,TRUE,FALSE,NA,NA
"55","@Andrei_Ilas @AngelicaOung Exactly, that is why more RE brings costs down.
  
""South Australia ‚Äì maligned by conser‚Ä¶ https://t.co/vaptmniRDI",FALSE,0,"Andrei_Ilas",2022-12-07 05:37:26,TRUE,"1600361871953260544","1600363834320879618","517650747","<a href=""https://mobile.twitter.com"" rel=""nofollow"">Twitter Web App</a>","lleopard11",0,FALSE,FALSE,NA,NA
"56","RT @CoryBMorgan: Hydrocarbons are keeping you alive today. 

Solar and wind are just tax sucking money pits. 

https://t.co/28kJu8RvGD",FALSE,0,NA,2022-12-07 05:36:52,FALSE,NA,"1600363691970793472",NA,"<a href=""http://twitter.com/#!/download/ipad"" rel=""nofollow"">Twitter for iPad</a>","safetyguy1956",50,TRUE,FALSE,NA,NA
"57","RT @SDonziger: BREAKING: Los Angeles votes 12-0 to ban new drilling and to close all 5,000 existing oil and gas wells in the city. This is‚Ä¶",FALSE,0,NA,2022-12-07 05:36:49,FALSE,NA,"1600363682739146753",NA,"<a href=""http://twitter.com/download/android"" rel=""nofollow"">Twitter for Android</a>","leslie_dickson",1803,TRUE,FALSE,NA,NA
"58","RT @AmaleeAmin: As with the 1970s oil crisis ‚Äîwe‚Äôre seeing a much needed step change in #Renewable #Power growth, turbocharged as countries‚Ä¶",FALSE,0,NA,2022-12-07 05:36:23,FALSE,NA,"1600363573158371328",NA,"<a href=""http://twitter.com/download/iphone"" rel=""nofollow"">Twitter for iPhone</a>","ruthmagin",1,TRUE,FALSE,NA,NA
"59","Zodiac Energy receives order for captive Solar PV Power Plant - https://t.co/YMqRIgRSRY - 

IRM Energy limited, a c‚Ä¶ https://t.co/zh7hzhd6hP",FALSE,0,NA,2022-12-07 05:36:09,TRUE,NA,"1600363515084443654",NA,"<a href=""http://www.newprojectstracker.com/blog"" rel=""nofollow"">nptautopost</a>","NPTrackerOfcl",0,FALSE,FALSE,NA,NA
"60","CBD Oil: Relieve Pain, Anxiety, and Stress with the Healing Power of Medicinal Cannabis WPB7YZS‚Ä¶ https://t.co/fKF2c6uaye",FALSE,0,NA,2022-12-07 05:35:31,TRUE,NA,"1600363351980199937",NA,"<a href=""https://mobile.twitter.com"" rel=""nofollow"">Twitter Web App</a>","ritchiemlnum",0,FALSE,FALSE,NA,NA
"61","RT @SDonziger: BREAKING: Los Angeles votes 12-0 to ban new drilling and to close all 5,000 existing oil and gas wells in the city. This is‚Ä¶",FALSE,0,NA,2022-12-07 05:34:42,FALSE,NA,"1600363147411410944",NA,"<a href=""http://twitter.com/download/iphone"" rel=""nofollow"">Twitter for iPhone</a>","winewatcher",1803,TRUE,FALSE,NA,NA
"62","Great Innovation saves water for Irrigation n drinking water üö∞ and simultaneously generates solar power from a rene‚Ä¶ https://t.co/sT3txd6VLD",FALSE,1,NA,2022-12-07 05:34:40,TRUE,NA,"1600363141137043456",NA,"<a href=""http://twitter.com/download/android"" rel=""nofollow"">Twitter for Android</a>","amarendraderhg1",0,FALSE,FALSE,NA,NA
"63","RT @Harbin_Electric: Today marks #MajorSnow (Daxue), the 21st solar term in the traditional Chinese calendar. It kicks off the perfect seas‚Ä¶",FALSE,0,NA,2022-12-07 05:34:34,FALSE,NA,"1600363114154799105",NA,"<a href=""http://twitter.com/download/android"" rel=""nofollow"">Twitter for Android</a>","vicarli4",3,TRUE,FALSE,NA,NA
"64","@SalmanA_14 @Lady__Lannister @Hammad_Azhar The oil prices hiked up due to COVID's impact around the world. And Russ‚Ä¶ https://t.co/CdzsllWtgQ",FALSE,0,"SalmanA_14",2022-12-07 05:34:30,TRUE,"1600357918808735744","1600363096924725249","1321062241714769920","<a href=""http://twitter.com/download/iphone"" rel=""nofollow"">Twitter for iPhone</a>","Sabaah_A",0,FALSE,FALSE,NA,NA
"65","@JamaNuur1 @EGaraad_ Exactly!!!
A nation of 20 million people with trillions in deposits of rare earth minerals ric‚Ä¶ https://t.co/EOb34Wtd2X",FALSE,0,"JamaNuur1",2022-12-07 05:34:19,TRUE,"1600280662207930368","1600363049709600769","1051941742050758658","<a href=""http://twitter.com/download/android"" rel=""nofollow"">Twitter for Android</a>","Skip_saylessir",0,FALSE,FALSE,NA,NA
"66","Do you want to cut the electricity bills for your business by up to 80%? @aptechsolar has an expert #team of‚Ä¶ https://t.co/6BKDnUM568",FALSE,2,NA,2022-12-07 05:34:03,TRUE,NA,"1600362984647569408",NA,"<a href=""http://twitter.com/download/iphone"" rel=""nofollow"">Twitter for iPhone</a>","aptechsolar",1,FALSE,FALSE,NA,NA
"67","RT @BrianGitt: Wind &amp; solar power require power plants idle on standby in case the wind stops blowing or clouds roll in.

Power plants burn‚Ä¶",FALSE,0,NA,2022-12-07 05:33:39,FALSE,NA,"1600362885515182082",NA,"<a href=""http://twitter.com/download/iphone"" rel=""nofollow"">Twitter for iPhone</a>","BradleyStokesB1",85,TRUE,FALSE,NA,NA
"68","@bozzie_t What power generation vertical are they using?
Hydro, solar, wing?",FALSE,0,"bozzie_t",2022-12-07 05:33:07,FALSE,"1600358970127884290","1600362747963011073","27220262","<a href=""https://mobile.twitter.com"" rel=""nofollow"">Twitter Web App</a>","LuyandaDhlamini",0,FALSE,FALSE,NA,NA
"69","RT @fofvinyl: mind you he said the same thing about lorde when solar power dropped and nobody was yelling at him https://t.co/qI1Nbdk95n",FALSE,0,NA,2022-12-07 05:32:38,FALSE,NA,"1600362628852854784",NA,"<a href=""http://twitter.com/download/android"" rel=""nofollow"">Twitter for Android</a>","thatgaycarat",8,TRUE,FALSE,NA,NA
"70","RT @Xristos42087: @chicagouxguy @CorinneMurdock @KariLakeWarRoom @GeneralBrnovich @katiehobbs You mean like how republicans warned everyone‚Ä¶",FALSE,0,NA,2022-12-07 05:32:18,FALSE,NA,"1600362545281642496",NA,"<a href=""http://twitter.com/download/iphone"" rel=""nofollow"">Twitter for iPhone</a>","real_benhunter",1,TRUE,FALSE,NA,NA
"71","What happened to a govt bank..set up after depression because of private bank gouging..privatisedlike power, minera‚Ä¶ https://t.co/YpctuuqQYQ",FALSE,0,NA,2022-12-07 05:32:17,TRUE,NA,"1600362539623546880",NA,"<a href=""http://twitter.com/download/android"" rel=""nofollow"">Twitter for Android</a>","JimCorb2",0,FALSE,FALSE,NA,NA
"72","@QLD_Comrade @abc730 @PMalinauskasMP Finally, it still uses a fuel to generate the energy. This cost is added to th‚Ä¶ https://t.co/oWTgcsBexa",FALSE,0,"AnOldManStream1",2022-12-07 05:32:04,TRUE,"1600361924213952512","1600362483499167744","1435061687900540932","<a href=""https://about.twitter.com/products/tweetdeck"" rel=""nofollow"">TweetDeck</a>","AnOldManStream1",0,FALSE,FALSE,NA,NA
"73","RT @cooltheearth: Can you help stop the California Public Utilities Commission's new NEM 3 proposal? It is a gift to the utilities and not‚Ä¶",FALSE,0,NA,2022-12-07 05:31:49,FALSE,NA,"1600362423705141248",NA,"<a href=""https://mobile.twitter.com"" rel=""nofollow"">Twitter Web App</a>","wemustelectrify",2,TRUE,FALSE,NA,NA
"74","RT @oxbofkin: Is Chris Bowen MP the full quid? He said power bills are going up because of the war in Ukraine and overseas demand on coal a‚Ä¶",FALSE,0,NA,2022-12-07 05:31:25,FALSE,NA,"1600362323092250624",NA,"<a href=""https://about.twitter.com/products/tweetdeck"" rel=""nofollow"">TweetDeck</a>","1moreBTC",61,TRUE,FALSE,NA,NA
"75","As with the 1970s oil crisis ‚Äîwe‚Äôre seeing a much needed step change in #Renewable #Power growth, turbocharged as c‚Ä¶ https://t.co/hhN7ZYyfsl",FALSE,2,NA,2022-12-07 05:30:57,TRUE,NA,"1600362205999923201",NA,"<a href=""http://twitter.com/download/iphone"" rel=""nofollow"">Twitter for iPhone</a>","AmaleeAmin",1,FALSE,FALSE,NA,NA
"76","@TheMovieVampire @JoeySchmittPhD @IlhanMN Actually, if we utilized ALL of US rooftop space for solar it would excee‚Ä¶ https://t.co/rWrUAlKTT3",FALSE,0,"TheMovieVampire",2022-12-07 05:30:55,TRUE,"1600342694106058756","1600362194566549505","145762707","<a href=""http://twitter.com/download/android"" rel=""nofollow"">Twitter for Android</a>","NakMakFeegle",0,FALSE,FALSE,NA,NA
"77","RT @oxbofkin: Is Chris Bowen MP the full quid? He said power bills are going up because of the war in Ukraine and overseas demand on coal a‚Ä¶",FALSE,0,NA,2022-12-07 05:30:19,FALSE,NA,"1600362044540452864",NA,"<a href=""https://mobile.twitter.com"" rel=""nofollow"">Twitter Web App</a>","BeeSting",61,TRUE,FALSE,NA,NA
"78","The Vatajankoski power plant's revolutionary sand battery is taking #EnergyStorage to the next level. This innovati‚Ä¶ https://t.co/YoB3dCajfK",FALSE,0,NA,2022-12-07 05:30:16,TRUE,NA,"1600362033526222848",NA,"<a href=""http://www.everyonesocial.com"" rel=""nofollow"">EveryoneSocial</a>","SandeepSimha8",0,FALSE,FALSE,NA,NA
"79","The Majestik minimalist solar watch https://t.co/xVuLHoaxYF The watch‚Äôs movement works thanks to the most accessibl‚Ä¶ https://t.co/op1L4Kk1JG",FALSE,0,NA,2022-12-07 05:30:06,TRUE,NA,"1600361990026928128",NA,"<a href=""https://buffer.com"" rel=""nofollow"">Buffer</a>","GadgetFlow",0,FALSE,FALSE,NA,NA
"80","Sunyata Hotel, located in Chikmagalur, #Karnataka, is a #sustainable structure made of bricks, coconut shells, and‚Ä¶ https://t.co/OUvHCj0UBs",FALSE,5,NA,2022-12-07 05:30:01,TRUE,NA,"1600361967704735744",NA,"<a href=""https://www.later.com"" rel=""nofollow"">LaterMedia</a>","thebetterindia",1,FALSE,FALSE,NA,NA
"81","IEA: Solar power expected to surpass coal in 5 years.

https://t.co/qkDVmPBuB1 https://t.co/ABBSc9BBsL",FALSE,0,NA,2022-12-07 05:29:51,FALSE,NA,"1600361925841395712",NA,"<a href=""https://about.twitter.com/products/tweetdeck"" rel=""nofollow"">TweetDeck</a>","bussrmobility",0,FALSE,FALSE,NA,NA
"82","@eigenrobot Punished Brazil. 

https://t.co/EEkdCgIQTg",FALSE,0,"Pathless110",2022-12-07 05:29:34,FALSE,"1600361533250605056","1600361856987975681","1262211870062075904","<a href=""https://mobile.twitter.com"" rel=""nofollow"">Twitter Web App</a>","Pathless110",0,FALSE,FALSE,NA,NA
"83","RT @Entrepreneur: Lightyear wants to harvest the sun's power to give drivers more range with less battery. 
https://t.co/feNiatvgfS",FALSE,0,NA,2022-12-07 05:29:29,FALSE,NA,"1600361834296446976",NA,"<a href=""http://twitter.com/download/iphone"" rel=""nofollow"">Twitter for iPhone</a>","NAZSTYLEINC",3,TRUE,FALSE,NA,NA
"84","""It has been a volatile few years for Maldivian tourism, throwing companies‚Äô business plans into chaos and blowing‚Ä¶ https://t.co/OScWdiF4uE",FALSE,0,NA,2022-12-07 05:29:27,TRUE,NA,"1600361826331820034",NA,"<a href=""https://mobile.twitter.com"" rel=""nofollow"">Twitter Web App</a>","traveltrademv",0,FALSE,FALSE,NA,NA
"85","Engie expects to move forward with three South African solar projects this week as the nation struggles to accelera‚Ä¶ https://t.co/YlzQVq3KNa",FALSE,2,NA,2022-12-07 05:29:20,TRUE,NA,"1600361798967902208",NA,"<a href=""http://www.socialflow.com"" rel=""nofollow"">SocialFlow</a>","BloombergAfrica",1,FALSE,FALSE,NA,NA
"86","I failed to get power, these guys billed me 3 million when the pole is across the road. When they distributed free‚Ä¶ https://t.co/gU4ZjR67Rt",FALSE,2,NA,2022-12-07 05:29:08,TRUE,NA,"1600361745272299520",NA,"<a href=""https://mobile.twitter.com"" rel=""nofollow"">Twitter Web App</a>","2008gomu",0,FALSE,FALSE,NA,NA
"87","@nickmangwana @TapiwaMupunga7 Relying on a dam built in 1959 well before lndependence, your 2018 Manifesto was talk‚Ä¶ https://t.co/SScfkDu1A4",FALSE,0,"nickmangwana",2022-12-07 05:28:48,TRUE,"1600352038071648257","1600361661495664641","57556007","<a href=""http://twitter.com/download/android"" rel=""nofollow"">Twitter for Android</a>","Bhanguza75",0,FALSE,FALSE,NA,NA
"88","GLOGLOW Water Wiggle for Bird Bath, Wiggler Solar Power Water Wiggle Agitator Solar Power Water Wiggle for Bird Bat‚Ä¶ https://t.co/y18Oq76c6q",FALSE,0,NA,2022-12-07 05:28:41,TRUE,NA,"1600361633074712582",NA,"<a href=""https://mobile.twitter.com"" rel=""nofollow"">Twitter Web App</a>","keelingadtm",0,FALSE,FALSE,NA,NA
"89","How nuclear waste will help spacecraft explore the Moon ‚Äî and beyond. 
European researchers are developing batterie‚Ä¶ https://t.co/ro58WYTFwj",FALSE,0,NA,2022-12-07 05:28:30,TRUE,NA,"1600361588636102656",NA,"<a href=""http://twitter.com/download/iphone"" rel=""nofollow"">Twitter for iPhone</a>","AeroMedicine",0,FALSE,FALSE,NA,NA
"90","RT @CMShehbaz: Pakistan needs clean, environment-friendly &amp; cheap electricity to power its economic growth. The govt is working on a plan t‚Ä¶",FALSE,0,NA,2022-12-07 05:28:16,FALSE,NA,"1600361528343302144",NA,"<a href=""http://twitter.com/download/android"" rel=""nofollow"">Twitter for Android</a>","RaRanaehsan",862,TRUE,FALSE,NA,NA
"91","@SamSuechting @TailosiveTech @tim_cook So, is this plant gonna have it's own wind turbines and solar panel power grid?",FALSE,0,"SamSuechting",2022-12-07 05:28:07,FALSE,"1600283548954423299","1600361493291155456","940777645591146497","<a href=""http://twitter.com/download/android"" rel=""nofollow"">Twitter for Android</a>","JohnBoy_77",0,FALSE,FALSE,NA,NA
"92","RT @keyon: People aren‚Äôt gonna get Solar Power until 2027. But when it hits the world will shine brighter.",FALSE,0,NA,2022-12-07 05:27:55,FALSE,NA,"1600361443093671936",NA,"<a href=""https://mobile.twitter.com"" rel=""nofollow"">Twitter Web App</a>","getawaycarolyn",1408,TRUE,FALSE,NA,NA
"93","RT @OfficialNCDMB: The Group Executive Director, Gas &amp; Power, @nnpclimited, Mohammed Abdulkabir Ahmed has just delivered the 3rd Presentati‚Ä¶",FALSE,0,NA,2022-12-07 05:27:03,FALSE,NA,"1600361224817893379",NA,"<a href=""http://twitter.com/download/android"" rel=""nofollow"">Twitter for Android</a>","anasmsani9",6,TRUE,FALSE,NA,NA
"94","RT @FactSet: While cheap #naturalgas supply has historically driven gas-fired generation's capture of the market share at the expense of #c‚Ä¶",FALSE,0,NA,2022-12-07 05:27:02,FALSE,NA,"1600361219453779971",NA,"<a href=""https://mobile.twitter.com"" rel=""nofollow"">Twitter Web App</a>","VKisleika",3,TRUE,FALSE,NA,NA
"95","@ChegutuD @Mavhure It‚Äôs not about water levels there are several alternative sources of energy that can power the g‚Ä¶ https://t.co/GyutS32TLq",FALSE,0,"ChegutuD",2022-12-07 05:26:24,TRUE,"1600337440291840000","1600361059260301313","1340692774346231811","<a href=""http://twitter.com/download/iphone"" rel=""nofollow"">Twitter for iPhone</a>","NyonyanaKaManzi",0,FALSE,FALSE,NA,NA
"96","RT @BrianGitt: Wind &amp; solar power require power plants idle on standby in case the wind stops blowing or clouds roll in.

Power plants burn‚Ä¶",FALSE,0,NA,2022-12-07 05:26:16,FALSE,NA,"1600361027665027072",NA,"<a href=""http://twitter.com/download/iphone"" rel=""nofollow"">Twitter for iPhone</a>","dylanbusa",85,TRUE,FALSE,NA,NA
"97","RT @khamenei_ir: ‚ÄúWe can‚Äôt‚Äù was a negative, wrong catchphrase before the Revolution in #Iran. The #Revolution changed this mindset, which l‚Ä¶",FALSE,0,NA,2022-12-07 05:26:02,FALSE,NA,"1600360967979773953",NA,"<a href=""http://twitter.com/download/android"" rel=""nofollow"">Twitter for Android</a>","mohammad137219",167,TRUE,FALSE,NA,NA
"98","RT @AlexEpstein: Even before the IRA, government policy was already threatening up to 185 GW of coal power in the next 7 years‚Äîabout 1/5 of‚Ä¶",FALSE,0,NA,2022-12-07 05:25:48,FALSE,NA,"1600360907783081984",NA,"<a href=""http://twitter.com/#!/download/ipad"" rel=""nofollow"">Twitter for iPad</a>","BillSekerak",32,TRUE,FALSE,NA,NA
"99","Got a charmander with 5 max IVs and solar power from wonder trade. Idk why that guy traded it but I'll take it üòå",FALSE,0,NA,2022-12-07 05:25:43,FALSE,NA,"1600360885922721792",NA,"<a href=""http://twitter.com/download/android"" rel=""nofollow"">Twitter for Android</a>","faixFFXIV",0,FALSE,FALSE,NA,NA
"100","RT @joshua_landis: Syrian rioters in Sweida ransack gov. office building in protest against living conditions, frequent power outages, lack‚Ä¶",FALSE,0,NA,2022-12-07 05:25:25,FALSE,NA,"1600360811104415744",NA,"<a href=""https://mobile.twitter.com"" rel=""nofollow"">Twitter Web App</a>","redot2005",37,TRUE,FALSE,NA,NA
"101","@Charega1 Buying shoes instead of implementing a solar power plant can‚Äôt be a regional problem

To this day, there‚Ä¶ https://t.co/rS4yN8Qc31",FALSE,0,"Charega1",2022-12-07 05:25:16,TRUE,"1600135629504798720","1600360772902731777","914148404741201920","<a href=""http://twitter.com/download/iphone"" rel=""nofollow"">Twitter for iPhone</a>","StanMazoe",0,FALSE,FALSE,NA,NA
"102","RT @AlexEpstein: Solar/wind subsidies not only drive the shutdown of reliable power plants and loot taxpayers, they also inflate electricit‚Ä¶",FALSE,0,NA,2022-12-07 05:23:48,FALSE,NA,"1600360406953754625",NA,"<a href=""http://twitter.com/#!/download/ipad"" rel=""nofollow"">Twitter for iPad</a>","BillSekerak",107,TRUE,FALSE,NA,NA
"103","The solar energy industry changes fast. Clean air is a end result of installing solar https://t.co/iC2hX5iJF4 renew‚Ä¶ https://t.co/uDiOY5Ptd1",FALSE,0,NA,2022-12-07 05:22:56,TRUE,NA,"1600360185897312257",NA,"<a href=""http://twitter.com/download/iphone"" rel=""nofollow"">Twitter for iPhone</a>","paulcaldera8",0,FALSE,FALSE,NA,NA
"104","RT @richwal94842899: If the Labor government were smart, they would lift the moratorium on  Nuclear reactors &amp; set up a group to facilitate‚Ä¶",FALSE,0,NA,2022-12-07 05:22:52,FALSE,NA,"1600360169053261824",NA,"<a href=""https://mobile.twitter.com"" rel=""nofollow"">Twitter Web App</a>","matelotdo4",36,TRUE,FALSE,NA,NA
"105","@CdeTommy1 But this one let us down

You gave him a solar power tender and he bought shoes instead

Why was the ten‚Ä¶ https://t.co/kzdRcPaovu",FALSE,0,"CdeTommy1",2022-12-07 05:22:35,TRUE,"1600031182808178688","1600360099519770626","1530489658152566785","<a href=""http://twitter.com/download/iphone"" rel=""nofollow"">Twitter for iPhone</a>","StanMazoe",0,FALSE,FALSE,NA,NA
"106","RT @MeyyappanPl1: Govt of India 

Order thermal power plants to limit their sulphur emission 

Target 123GW by 2026

80GW yet to fitted

15‚Ä¶",FALSE,0,NA,2022-12-07 05:22:07,FALSE,NA,"1600359982968745984",NA,"<a href=""https://mobile.twitter.com"" rel=""nofollow"">Twitter Web App</a>","Bhavesh04535344",23,TRUE,FALSE,NA,NA
"107","A 100KW Solar Panel System provide continuous power to all the industrial areas and commercial building even in the‚Ä¶ https://t.co/dhvKYERmgS",FALSE,0,NA,2022-12-07 05:21:19,TRUE,NA,"1600359778941038592",NA,"<a href=""https://mobile.twitter.com"" rel=""nofollow"">Twitter Web App</a>","solar365perth",0,FALSE,FALSE,NA,NA
"108","RT @CoryBMorgan: Hydrocarbons are keeping you alive today. 

Solar and wind are just tax sucking money pits. 

https://t.co/28kJu8RvGD",FALSE,0,NA,2022-12-07 05:20:43,FALSE,NA,"1600359628910432256",NA,"<a href=""http://twitter.com/download/iphone"" rel=""nofollow"">Twitter for iPhone</a>","MPhillipsfarm",50,TRUE,FALSE,NA,NA
"109","@pablo_weDrip Exposing this ?

Does it fall under data protection act

Wait @wicknellchivayo posted on social media‚Ä¶ https://t.co/EajpQce0v4",FALSE,0,"pablo_weDrip",2022-12-07 05:20:29,TRUE,"1600114648597962752","1600359571964321793","1528869328447320069","<a href=""http://twitter.com/download/iphone"" rel=""nofollow"">Twitter for iPhone</a>","StanMazoe",0,FALSE,FALSE,NA,NA
"110","RT @AlexEpstein: The IRA pretends to be pro-nuclear by adding nuclear to its subsidized forms of energy. But since nuclear overregulation m‚Ä¶",FALSE,0,NA,2022-12-07 05:20:27,FALSE,NA,"1600359561470189571",NA,"<a href=""http://twitter.com/#!/download/ipad"" rel=""nofollow"">Twitter for iPad</a>","BillSekerak",36,TRUE,FALSE,NA,NA
"111","RT @CoryBMorgan: Hydrocarbons are keeping you alive today. 

Solar and wind are just tax sucking money pits. 

https://t.co/28kJu8RvGD",FALSE,0,NA,2022-12-07 05:20:13,FALSE,NA,"1600359504339603456",NA,"<a href=""https://mobile.twitter.com"" rel=""nofollow"">Twitter Web App</a>","Johnny981804",50,TRUE,FALSE,NA,NA
"112","RT @CoryBMorgan: Hydrocarbons are keeping you alive today. 

Solar and wind are just tax sucking money pits. 

https://t.co/28kJu8RvGD",FALSE,0,NA,2022-12-07 05:19:56,FALSE,NA,"1600359432051122177",NA,"<a href=""http://twitter.com/download/android"" rel=""nofollow"">Twitter for Android</a>","sidljon",50,TRUE,FALSE,NA,NA
"113","@imNickyyyyyy @aditiyadav000 All Gundas and law order in UP handled 
All highways in UP upgraded 
Crores of houses‚Ä¶ https://t.co/kkVWxz0Kuk",FALSE,0,"imNickyyyyyy",2022-12-07 05:19:48,TRUE,"1600358484452573184","1600359397313904640","1586066626356850689","<a href=""http://twitter.com/download/android"" rel=""nofollow"">Twitter for Android</a>","KHindu51",0,FALSE,FALSE,NA,NA
"114","Solar Story: How One Community Lives Alongside the World's Biggest Solar Plant (Green Power) MYDDYHE‚Ä¶ https://t.co/MA4694RvmQ",FALSE,0,NA,2022-12-07 05:19:43,TRUE,NA,"1600359375771963392",NA,"<a href=""https://mobile.twitter.com"" rel=""nofollow"">Twitter Web App</a>","Roselyn57N",0,FALSE,FALSE,NA,NA
"115","RT @oxbofkin: Is Chris Bowen MP the full quid? He said power bills are going up because of the war in Ukraine and overseas demand on coal a‚Ä¶",FALSE,0,NA,2022-12-07 05:19:41,FALSE,NA,"1600359368196644864",NA,"<a href=""http://twitter.com/download/iphone"" rel=""nofollow"">Twitter for iPhone</a>","CurtisMacLean",61,TRUE,FALSE,NA,NA
"116","RT @SethTerkper: A] Recall, we took on  a lot of wage [single-spine] &amp; built power subsidy arrears [when gas from Nigeria stopped. With 1 o‚Ä¶",FALSE,0,NA,2022-12-07 05:19:16,FALSE,NA,"1600359265130074113",NA,"<a href=""http://twitter.com/download/android"" rel=""nofollow"">Twitter for Android</a>","tuitown",2,TRUE,FALSE,NA,NA
"117","RT @jamesvgingerich: Solar power's future is so bright it's got to wear shades! (World Economic Forum) #Energy #Environment https://t.co/75‚Ä¶",FALSE,0,NA,2022-12-07 05:19:15,FALSE,NA,"1600359261124509696",NA,"<a href=""http://twitter.com/download/iphone"" rel=""nofollow"">Twitter for iPhone</a>","AriSB5758",3,TRUE,FALSE,NA,NA
"118","RT @andrewIambrecht: I don't know why people think that an EV infringes on one's energy independence. If you invest in home solar, you can‚Ä¶",FALSE,0,NA,2022-12-07 05:18:47,FALSE,NA,"1600359144657022976",NA,"<a href=""http://twitter.com/download/iphone"" rel=""nofollow"">Twitter for iPhone</a>","zshahan3",1,TRUE,FALSE,NA,NA
"119","RT @alissajean: Hey FL. Your power bill is going up (again) because of decisions that your power company made to remain over-reliant on out‚Ä¶",FALSE,0,NA,2022-12-07 05:18:17,FALSE,NA,"1600359014872666112",NA,"<a href=""http://twitter.com/download/iphone"" rel=""nofollow"">Twitter for iPhone</a>","shinynarwhals",560,TRUE,FALSE,NA,NA
"120","@Super70sSports Around year 2011 a gas station where I live had to use one of those because of a major power outage‚Ä¶ https://t.co/TdbLghY3oj",FALSE,0,"Super70sSports",2022-12-07 05:18:15,TRUE,"1600261298541203457","1600359009575636993","2259809232","<a href=""https://mobile.twitter.com"" rel=""nofollow"">Twitter Web App</a>","HallbarPolitik",0,FALSE,FALSE,NA,NA
"121","RT @austbondlover: Cheaper power by building several Nuclear power stations would be a great start as that will lower costs in production a‚Ä¶",FALSE,0,NA,2022-12-07 05:18:12,FALSE,NA,"1600358994492948481",NA,"<a href=""http://twitter.com/download/iphone"" rel=""nofollow"">Twitter for iPhone</a>","opininionater",4,TRUE,FALSE,NA,NA
"122","RT @MFA_China: The Al Kharsaah Solar Power Plant built by Chinese firms is helping Qatar deliver a carbon-neutral World Cup. https://t.co/W‚Ä¶",FALSE,0,NA,2022-12-07 05:17:53,FALSE,NA,"1600358916461760514",NA,"<a href=""https://mobile.twitter.com"" rel=""nofollow"">Twitter Web App</a>","appletree202202",74,TRUE,FALSE,NA,NA
"123","RT @alissajean: Hey FL. Your power bill is going up (again) because of decisions that your power company made to remain over-reliant on out‚Ä¶",FALSE,0,NA,2022-12-07 05:17:46,FALSE,NA,"1600358884987789313",NA,"<a href=""https://mobile.twitter.com"" rel=""nofollow"">Twitter Web App</a>","BadIdeaGuyJohn1",560,TRUE,FALSE,NA,NA
"124","RT @shakeelcc: @irenaakbar They are ready to pay 
1000‚Çπ for petrol
5000‚Çπ for gas

But, wants BJP or  Modi ji in power

Hate ka koi ilaj nahi",FALSE,0,NA,2022-12-07 05:17:30,FALSE,NA,"1600358818940321794",NA,"<a href=""http://twitter.com/download/android"" rel=""nofollow"">Twitter for Android</a>","SamiAcloud1947",1,TRUE,FALSE,NA,NA
"125","RT @The_NewArab: The Taliban have been staunchly criticised for their treatment of women and girls since they seized power in Afghanistan l‚Ä¶",FALSE,0,NA,2022-12-07 05:17:09,FALSE,NA,"1600358732893782016",NA,"<a href=""http://twitter.com/download/iphone"" rel=""nofollow"">Twitter for iPhone</a>","solar_bud",3,TRUE,FALSE,NA,NA
"126","RT @CarlaBeckSK: Christmas will look different this year for many families.

Here's what we would do to help if we were in government:

- I‚Ä¶",FALSE,0,NA,2022-12-07 05:17:03,FALSE,NA,"1600358706058698753",NA,"<a href=""https://mobile.twitter.com"" rel=""nofollow"">Twitter Web App</a>","left_site",21,TRUE,FALSE,NA,NA
"127","RT @Bentler: Solar power expected to surpass coal in 5 years, IEA says
#Climate #Solar #Transition
https://t.co/cmLu94XHFR",FALSE,0,NA,2022-12-07 05:16:56,FALSE,NA,"1600358676426289152",NA,"<a href=""http://twitter.com/download/iphone"" rel=""nofollow"">Twitter for iPhone</a>","solar_bud",2,TRUE,FALSE,NA,NA
"128","RT @austbondlover: To all Australian politicians.
STOP blaming the Ukraine invasion on inflation. It has nothing to do with our prices. Our‚Ä¶",FALSE,0,NA,2022-12-07 05:16:17,FALSE,NA,"1600358511489097728",NA,"<a href=""http://twitter.com/download/iphone"" rel=""nofollow"">Twitter for iPhone</a>","opininionater",4,TRUE,FALSE,NA,NA
"129","RT @CoryBMorgan: Hydrocarbons are keeping you alive today. 

Solar and wind are just tax sucking money pits. 

https://t.co/28kJu8RvGD",FALSE,0,NA,2022-12-07 05:15:39,FALSE,NA,"1600358354370842624",NA,"<a href=""http://twitter.com/download/iphone"" rel=""nofollow"">Twitter for iPhone</a>","itsTim_eh",50,TRUE,FALSE,NA,NA
"130","RT @alissajean: Hey FL. Your power bill is going up (again) because of decisions that your power company made to remain over-reliant on out‚Ä¶",FALSE,0,NA,2022-12-07 05:15:38,FALSE,NA,"1600358349656453122",NA,"<a href=""https://mobile.twitter.com"" rel=""nofollow"">Twitter Web App</a>","upper_pnw",560,TRUE,FALSE,NA,NA
"131","RT @alextomo: Solar power to overtake coal worldwide in next five years https://t.co/F3HHdk8haV via @Channel4News",FALSE,0,NA,2022-12-07 05:15:17,FALSE,NA,"1600358262058229761",NA,"<a href=""http://www.realway.com.br"" rel=""nofollow"">twitter.php</a>","MyLoc_Tracker",9,TRUE,FALSE,NA,NA
"132","@Lady__Lannister @Hammad_Azhar Why PTI didn't bother to import oil for 4 yrs? Why realise only when they knew they‚Ä¶ https://t.co/ciamKDg70V",FALSE,1,"Lady__Lannister",2022-12-07 05:13:55,TRUE,"1600180318727983104","1600357918808735744","1228385553097412609","<a href=""http://twitter.com/download/android"" rel=""nofollow"">Twitter for Android</a>","SalmanA_14",0,FALSE,FALSE,NA,NA
"133","@Constitution_94 I would like to see at least one solar panel on every roof in this country, I would also like to s‚Ä¶ https://t.co/mksZ64rh8q",FALSE,0,"Constitution_94",2022-12-07 05:13:22,TRUE,"1600356421777989632","1600357779998318592","1483835690408456195","<a href=""http://twitter.com/download/iphone"" rel=""nofollow"">Twitter for iPhone</a>","Annemaggsart",0,FALSE,FALSE,NA,NA
"134","@irenaakbar They are ready to pay 
1000‚Çπ for petrol
5000‚Çπ for gas

But, wants BJP or  Modi ji in power

Hate ka koi ilaj nahi",FALSE,3,"irenaakbar",2022-12-07 05:13:21,FALSE,"1600356130286632961","1600357776357982208","15409344","<a href=""http://twitter.com/download/android"" rel=""nofollow"">Twitter for Android</a>","shakeelcc",1,FALSE,FALSE,NA,NA
"135","Maxwell 24V 375Farads Super Capacitor Battery Power Bank 8pcs/Set 3 0v 3000farad ultracapacitor for Solar Energy St‚Ä¶ https://t.co/Z8yn1WEKhW",FALSE,0,NA,2022-12-07 05:12:49,TRUE,NA,"1600357640973885441",NA,"<a href=""https://mobile.twitter.com"" rel=""nofollow"">Twitter Web App</a>","leannonvzcu",0,FALSE,FALSE,NA,NA
"136","@SenateGOP Stop with the gas prices already!! Yes we need an independent oil supply especially for petrochemicals.‚Ä¶ https://t.co/Uraw7hmlHF",FALSE,0,"SenateGOP",2022-12-07 05:12:03,TRUE,"1600169014524641287","1600357448253992960","14344823","<a href=""http://twitter.com/#!/download/ipad"" rel=""nofollow"">Twitter for iPad</a>","DaveRos88686226",0,FALSE,FALSE,NA,NA
"137","RT @fbirol: Renewables are on track to overtake coal as the largest source of global electricity by early 2025

And by 2027, solar PV alone‚Ä¶",FALSE,0,NA,2022-12-07 05:12:03,FALSE,NA,"1600357448082411520",NA,"<a href=""https://mobile.twitter.com"" rel=""nofollow"">Twitter Web App</a>","DylanQuinnell",122,TRUE,FALSE,NA,NA
"138","RT @LloydMsipa: The Sun shines all year round in Zimbabwe! Any reason why we can‚Äôt prioritise building solar farms instead of continuously‚Ä¶",FALSE,0,NA,2022-12-07 05:11:46,FALSE,NA,"1600357376863133697",NA,"<a href=""http://twitter.com/download/android"" rel=""nofollow"">Twitter for Android</a>","LalaLan68592011",5,TRUE,FALSE,NA,NA
"139","Power eating Doritos and gas station weed (she also.ated it)",FALSE,6,NA,2022-12-07 05:11:39,FALSE,NA,"1600357348819628032",NA,"<a href=""http://twitter.com/download/android"" rel=""nofollow"">Twitter for Android</a>","Cyasashiku",0,FALSE,FALSE,NA,NA
"140","RT @Harbin_Electric: Today marks #MajorSnow (Daxue), the 21st solar term in the traditional Chinese calendar. It kicks off the perfect seas‚Ä¶",FALSE,0,NA,2022-12-07 05:11:30,FALSE,NA,"1600357311649701891",NA,"<a href=""http://twitter.com/download/android"" rel=""nofollow"">Twitter for Android</a>","matthiannaji",3,TRUE,FALSE,NA,NA
"141","RT @RuthSantiagopr: .@POTUS said he is committed to climate and environmental justice. What better way to further his agenda in the afterma‚Ä¶",FALSE,0,NA,2022-12-07 05:11:08,FALSE,NA,"1600357218138091521",NA,"<a href=""http://twitter.com/download/iphone"" rel=""nofollow"">Twitter for iPhone</a>","smithsteve4",3,TRUE,FALSE,NA,NA
"142","he literally said he had the same issue trying to listen to solar power like y'all need to understand not everyone‚Ä¶ https://t.co/UvIezcWida",FALSE,1,"joshiisjamz",2022-12-07 05:10:34,TRUE,"1600356650434834432","1600357074772590592","1436149878707535876","<a href=""http://twitter.com/download/iphone"" rel=""nofollow"">Twitter for iPhone</a>","joshiisjamz",0,FALSE,FALSE,NA,NA
"143","@SaltyNewb @matchico @FrostGroup1 @PeterSweden7 And how, exactly, do you get the fossil fuels to the power plant?‚Ä¶ https://t.co/8Ns6lSLi38",FALSE,0,"SaltyNewb",2022-12-07 05:10:17,TRUE,"1600308824338223105","1600357003096096768","1501376192145936389","<a href=""https://mobile.twitter.com"" rel=""nofollow"">Twitter Web App</a>","BinkyTheToaster",0,FALSE,FALSE,NA,NA
"144","SAE Waterproof Cover Cap DZS ELEC 15PCS Black Two Pin Plug Replacement Protection Caps Waterproof Lid Top for SAE P‚Ä¶ https://t.co/eKIEoTTbak",FALSE,0,NA,2022-12-07 05:09:48,TRUE,NA,"1600356881083486209",NA,"<a href=""https://mobile.twitter.com"" rel=""nofollow"">Twitter Web App</a>","ALillie19",0,FALSE,FALSE,NA,NA
"145","RT @DashDobrofsky: In 1923, Hitler and roughly 3,000 Nazis stormed Munich in an attempted coup d'√©tat to violently seize power. Though Hitl‚Ä¶",FALSE,0,NA,2022-12-07 05:09:37,FALSE,NA,"1600356835084488704",NA,"<a href=""http://twitter.com/download/iphone"" rel=""nofollow"">Twitter for iPhone</a>","Oil_Balance",6929,TRUE,FALSE,NA,NA
"146","Sterlite Power acquires Kishtwar transmission project in J&amp;K¬†: The project comprises a 400/132 kV gas-insulated sub‚Ä¶ https://t.co/ggcEEufVJ5",FALSE,1,NA,2022-12-07 05:09:34,TRUE,NA,"1600356821210124288",NA,"<a href=""https://dlvrit.com/"" rel=""nofollow"">dlvr.it</a>","pvmagazineindia",0,FALSE,FALSE,NA,NA
"147","RT @Space_Station: The third and newest roll-out solar array (iROSA 3A) has been installed and unfurled on the station's Starboard truss se‚Ä¶",FALSE,0,NA,2022-12-07 05:09:10,FALSE,NA,"1600356724082323456",NA,"<a href=""https://mobile.twitter.com"" rel=""nofollow"">Twitter Web App</a>","LucGaudriaud",174,TRUE,FALSE,NA,NA
"148","@_ComfortMedia @KhalangaElectr1 Good Solar power plug",FALSE,0,"_ComfortMedia",2022-12-07 05:09:10,FALSE,"1600343455414120449","1600356724082212864","1240888428893519872","<a href=""http://twitter.com/download/iphone"" rel=""nofollow"">Twitter for iPhone</a>","ribz_rb",0,FALSE,FALSE,NA,NA
"149","Absolutely not! Russian President Putin isn't willing to supply Russian oil to illegitimate corrupt Army backed gov‚Ä¶ https://t.co/6mWRn91L6H",FALSE,1,NA,2022-12-07 05:08:48,TRUE,NA,"1600356631480479746",NA,"<a href=""http://twitter.com/download/android"" rel=""nofollow"">Twitter for Android</a>","altaf42",1,FALSE,FALSE,NA,NA
"150","RT @itsALLrisky: Imagine a world where:

-Governments operate state-owned crypto mining using $TSLA solar power
-People get UBI payments in‚Ä¶",FALSE,0,NA,2022-12-07 05:08:21,FALSE,NA,"1600356516627742720",NA,"<a href=""http://twitter.com/download/iphone"" rel=""nofollow"">Twitter for iPhone</a>","TravisBlake101",27,TRUE,FALSE,NA,NA
"151","RT @Ajay_Bagga: Solar power expected to surpass coal in 5 years, IEA says.Renewable energy forecast to become largest source of electricity‚Ä¶",FALSE,0,NA,2022-12-07 05:07:53,FALSE,NA,"1600356400043274241",NA,"<a href=""https://mobile.twitter.com"" rel=""nofollow"">Twitter Web App</a>","beautykingsley7",10,TRUE,FALSE,NA,NA
"152","RT @Bentler: Solar power expected to surpass coal in 5 years, IEA says
#Climate #Solar #Transition
https://t.co/cmLu94XHFR",FALSE,0,NA,2022-12-07 05:07:29,FALSE,NA,"1600356298494685185",NA,"<a href=""https://mobile.twitter.com"" rel=""nofollow"">Twitter Web App</a>","truthtotweet",2,TRUE,FALSE,NA,NA
"153","RT @keyon: People aren‚Äôt gonna get Solar Power until 2027. But when it hits the world will shine brighter.",FALSE,0,NA,2022-12-07 05:07:12,FALSE,NA,"1600356228957626368",NA,"<a href=""http://twitter.com/download/android"" rel=""nofollow"">Twitter for Android</a>","kalisadumbputa",1408,TRUE,FALSE,NA,NA
"154","RT @alissajean: Hey FL. Your power bill is going up (again) because of decisions that your power company made to remain over-reliant on out‚Ä¶",FALSE,0,NA,2022-12-07 05:06:50,FALSE,NA,"1600356136279941121",NA,"<a href=""http://twitter.com/download/iphone"" rel=""nofollow"">Twitter for iPhone</a>","MIKSGIRL",560,TRUE,FALSE,NA,NA
"155","RT @jonrog1: The infrastructure support system for rural America is already nightmarishly underfunded. Hospitals closing, bad roads, bad po‚Ä¶",FALSE,0,NA,2022-12-07 05:06:39,FALSE,NA,"1600356089471516672",NA,"<a href=""https://mobile.twitter.com"" rel=""nofollow"">Twitter Web App</a>","wallred",21,TRUE,FALSE,NA,NA
"156","RT @ImRonRoberts: If the Moore County NC domestic terror blackout hasn‚Äôt convinced folks yet that home solar power shouldn‚Äôt be a MUST in a‚Ä¶",FALSE,0,NA,2022-12-07 05:06:29,FALSE,NA,"1600356048602529792",NA,"<a href=""http://twitter.com/download/android"" rel=""nofollow"">Twitter for Android</a>","MaryLuvinLife",3,TRUE,FALSE,NA,NA
"157","@FlyingKiwi15 @elonmusk @WholeMarsBlog Solar a Vertical Axis Wind Turbines could supply emergency power. Keep the t‚Ä¶ https://t.co/5Rrv4Yyb0j",FALSE,0,"FlyingKiwi15",2022-12-07 05:06:04,TRUE,"1599651058825195520","1600355941660049409","1138572946702606336","<a href=""http://twitter.com/download/android"" rel=""nofollow"">Twitter for Android</a>","bobfatboy99",0,FALSE,FALSE,NA,NA
"158","RT @CarbonBubble: #Solar power is undergoing a boom as the #EnergyCrisis drives a shift to #renewable energy following the war in Ukraine.‚Ä¶",FALSE,0,NA,2022-12-07 05:05:47,FALSE,NA,"1600355869677744129",NA,"<a href=""http://twitter.com/download/android"" rel=""nofollow"">Twitter for Android</a>","jesususama",14,TRUE,FALSE,NA,NA
"159","@HypeManAlex Good morning,I'm sure $CVP is set to skyrocket soon because it is gaining momentum already with the co‚Ä¶ https://t.co/xBCRCrDmKJ",FALSE,0,"HypeManAlex",2022-12-07 05:05:46,TRUE,"1600176774221946892","1600355867739967488","950479355385466880","<a href=""https://mobile.twitter.com"" rel=""nofollow"">Twitter Web App</a>","LisaTatmanNFT",0,FALSE,FALSE,NA,NA
"160","RT @AlexEpstein: We‚Äôre in a growing electricity crisis caused by shutting down reliable power plants and not replacing them with reliable p‚Ä¶",FALSE,0,NA,2022-12-07 05:05:24,FALSE,NA,"1600355776559984645",NA,"<a href=""http://twitter.com/#!/download/ipad"" rel=""nofollow"">Twitter for iPad</a>","BillSekerak",58,TRUE,FALSE,NA,NA
"161","JINGOU Automatic Greenhouse Window Opener, Automatic Roof Vent Opener for Greenhouse, Auto Solar Vent Opener with S‚Ä¶ https://t.co/YMxYiXDRM2",FALSE,0,NA,2022-12-07 05:05:17,TRUE,NA,"1600355745719279616",NA,"<a href=""https://mobile.twitter.com"" rel=""nofollow"">Twitter Web App</a>","Roselyn57N",0,FALSE,FALSE,NA,NA
"162","@Seek4ohana @bearcochrane61 @TDown71 @POTUS Yes all that. Now why did oil go down? Did he ease all of that? Did he‚Ä¶ https://t.co/ZlrjpzIN6W",FALSE,0,"Seek4ohana",2022-12-07 05:05:15,TRUE,"1600351259810181120","1600355737641046017","1564060894581010432","<a href=""http://twitter.com/download/iphone"" rel=""nofollow"">Twitter for iPhone</a>","alohasolace",0,FALSE,FALSE,NA,NA
"163","RT @alissajean: Hey FL. Your power bill is going up (again) because of decisions that your power company made to remain over-reliant on out‚Ä¶",FALSE,0,NA,2022-12-07 05:05:07,FALSE,NA,"1600355704430215171",NA,"<a href=""http://twitter.com/download/iphone"" rel=""nofollow"">Twitter for iPhone</a>","thor2233",560,TRUE,FALSE,NA,NA
"164","When two power substations in North Carolina were reportedly taken down by gunfire in an apparent ""criminal act,"" t‚Ä¶ https://t.co/KGsFXfh8Ad",FALSE,0,NA,2022-12-07 05:05:05,TRUE,NA,"1600355695656054784",NA,"<a href=""https://mobile.twitter.com"" rel=""nofollow"">Twitter Web App</a>","s97169287",0,FALSE,FALSE,NA,NA
"165","RT @alissajean: Hey FL. Your power bill is going up (again) because of decisions that your power company made to remain over-reliant on out‚Ä¶",FALSE,0,NA,2022-12-07 05:05:02,FALSE,NA,"1600355681336725504",NA,"<a href=""http://twitter.com/download/android"" rel=""nofollow"">Twitter for Android</a>","rich33301",560,TRUE,FALSE,NA,NA
"166","@mllichti I don't know how you became obsessed about grid storage. I'm not talking about grid storage. I'm talking‚Ä¶ https://t.co/p8UEaaGqSp",FALSE,0,"mllichti",2022-12-07 05:04:57,TRUE,"1600354150050471936","1600355663036633089","2616827749","<a href=""http://twitter.com/download/android"" rel=""nofollow"">Twitter for Android</a>","LTG_Veers",0,FALSE,FALSE,NA,NA
"167","RT @AlexEpstein: The ""Inflation Reduction Act"" is a 4-step recipe for destroying American energy
1. Make us more dependent on unreliable el‚Ä¶",FALSE,0,NA,2022-12-07 05:04:39,FALSE,NA,"1600355586738393088",NA,"<a href=""http://twitter.com/#!/download/ipad"" rel=""nofollow"">Twitter for iPad</a>","BillSekerak",83,TRUE,FALSE,NA,NA
"168","RT @SDonziger: BREAKING: Los Angeles votes 12-0 to ban new drilling and to close all 5,000 existing oil and gas wells in the city. This is‚Ä¶",FALSE,0,NA,2022-12-07 05:04:15,FALSE,NA,"1600355484602490880",NA,"<a href=""https://mobile.twitter.com"" rel=""nofollow"">Twitter Web App</a>","VoxRogamus",1803,TRUE,FALSE,NA,NA
"169","RT @khamenei_ir: ‚ÄúWe can‚Äôt‚Äù was a negative, wrong catchphrase before the Revolution in #Iran. The #Revolution changed this mindset, which l‚Ä¶",FALSE,0,NA,2022-12-07 05:03:42,FALSE,NA,"1600355346849087495",NA,"<a href=""https://mobile.twitter.com"" rel=""nofollow"">Twitter Web App</a>","mohamma11562773",167,TRUE,FALSE,NA,NA
"170","@daddyhope We are all in the same boat.Which results in imports from distant corners of the earth.Zesa should consi‚Ä¶ https://t.co/xYdWzTmFNF",FALSE,0,"daddyhope",2022-12-07 05:02:48,TRUE,"1600348149847306241","1600355118792069122","73672445","<a href=""https://mobile.twitter.com"" rel=""nofollow"">Twitter Web App</a>","albertcj732",0,FALSE,FALSE,NA,NA
"171","RT @fofvinyl: mind you he said the same thing about lorde when solar power dropped and nobody was yelling at him https://t.co/qI1Nbdk95n",FALSE,0,NA,2022-12-07 05:02:09,FALSE,NA,"1600354957949296640",NA,"<a href=""http://twitter.com/download/android"" rel=""nofollow"">Twitter for Android</a>","suckling_adam",8,TRUE,FALSE,NA,NA
"172","RT @fofvinyl: mind you he said the same thing about lorde when solar power dropped and nobody was yelling at him https://t.co/qI1Nbdk95n",FALSE,0,NA,2022-12-07 05:01:51,FALSE,NA,"1600354881382273024",NA,"<a href=""https://mobile.twitter.com"" rel=""nofollow"">Twitter Web App</a>","11brishti9",8,TRUE,FALSE,NA,NA
"173","RT @keyon: People aren‚Äôt gonna get Solar Power until 2027. But when it hits the world will shine brighter.",FALSE,0,NA,2022-12-07 04:59:24,FALSE,NA,"1600354264349806592",NA,"<a href=""http://twitter.com/download/iphone"" rel=""nofollow"">Twitter for iPhone</a>","alltoowitch",1408,TRUE,FALSE,NA,NA
"174","Plans submitted for huge Yorkshire solar farm that could power 3,000¬†homes https://t.co/acXgM46q4s",FALSE,0,NA,2022-12-07 04:59:17,FALSE,NA,"1600354233638735872",NA,"<a href=""http://publicize.wp.com/"" rel=""nofollow"">Jetpack.com</a>","UsaJaun",0,FALSE,FALSE,NA,NA
"175","@JimmyFrshPrince @DeplorableDreg4 @POTUS Interesting I swear you just said that the president has no power over gas‚Ä¶ https://t.co/ZyvZR4GbDl",FALSE,1,"JimmyFrshPrince",2022-12-07 04:59:13,TRUE,"1600353624269389825","1600354219654930432","2764242008","<a href=""http://twitter.com/download/iphone"" rel=""nofollow"">Twitter for iPhone</a>","SaltSingularity",0,FALSE,FALSE,NA,NA
"176","DROK 20A 100W High Current DC Buck Converter 10-35V 12V/24V to 5V Car LED/Solar Energy Regulated Power Supply OWX3L‚Ä¶ https://t.co/EIgonLx9Nq",FALSE,0,NA,2022-12-07 04:58:18,TRUE,NA,"1600353989119254529",NA,"<a href=""https://mobile.twitter.com"" rel=""nofollow"">Twitter Web App</a>","pollichihw",0,FALSE,FALSE,NA,NA
"177","RT @OfficialNCDMB: The Group Executive Director, Gas &amp; Power, @nnpclimited, Mohammed Abdulkabir Ahmed has just delivered the 3rd Presentati‚Ä¶",FALSE,0,NA,2022-12-07 04:57:57,FALSE,NA,"1600353900661309442",NA,"<a href=""http://twitter.com/download/android"" rel=""nofollow"">Twitter for Android</a>","buildpraxis",6,TRUE,FALSE,NA,NA
"178","RT @CoryBMorgan: Hydrocarbons are keeping you alive today. 

Solar and wind are just tax sucking money pits. 

https://t.co/28kJu8RvGD",FALSE,0,NA,2022-12-07 04:57:17,FALSE,NA,"1600353731794866176",NA,"<a href=""http://twitter.com/download/android"" rel=""nofollow"">Twitter for Android</a>","DarcyRauckman",50,TRUE,FALSE,NA,NA
"179","Solar power expected to surpass coal in 5 years, IEA says https://t.co/uUhvrGW9cJ",FALSE,0,NA,2022-12-07 04:57:05,FALSE,NA,"1600353681278472194",NA,"<a href=""http://twitter.com/#!/download/ipad"" rel=""nofollow"">Twitter for iPad</a>","delaatstemeter",0,FALSE,FALSE,NA,NA
"180","I find it really insane we all had to sit through 12 years of school minimum, but probably 2/3 of dudes don‚Äôt know‚Ä¶ https://t.co/HQtb1TDNJ0",FALSE,2,"corona_refugee1",2022-12-07 04:55:57,TRUE,"1600351613197381635","1600353398154760194","1468365807801741319","<a href=""http://twitter.com/download/iphone"" rel=""nofollow"">Twitter for iPhone</a>","corona_refugee1",0,FALSE,FALSE,NA,NA
"181","RT @CoryBMorgan: Hydrocarbons are keeping you alive today. 

Solar and wind are just tax sucking money pits. 

https://t.co/28kJu8RvGD",FALSE,0,NA,2022-12-07 04:55:40,FALSE,NA,"1600353325098364928",NA,"<a href=""https://mobile.twitter.com"" rel=""nofollow"">Twitter Web App</a>","BrokenBooks33",50,TRUE,FALSE,NA,NA
"182","@zimmedicalDr @realmedicaldoc Finding alternative source of power to supply whole nation ain't an easy job my guy.‚Ä¶ https://t.co/mKclGud38z",FALSE,0,"zimmedicalDr",2022-12-07 04:54:54,TRUE,"1600351975459065856","1600353133686796288","869976832954822656","<a href=""http://twitter.com/download/android"" rel=""nofollow"">Twitter for Android</a>","ngozho",0,FALSE,FALSE,NA,NA
"183","@Twinsis50497431 @dereckgoto @DrGugu_Ncube @ParliamentZim @JenniferRebbec1 @CZNLWVAofficial @ZanuPF_WL‚Ä¶ https://t.co/jMKnDDEttN",FALSE,0,"Twinsis50497431",2022-12-07 04:54:19,TRUE,"1600276452405936128","1600352984826667008","1148853108468080640","<a href=""http://twitter.com/download/iphone"" rel=""nofollow"">Twitter for iPhone</a>","StanMazoe",0,FALSE,FALSE,NA,NA
"184","RT @jamesvgingerich: Solar power's future is so bright it's got to wear shades! (World Economic Forum) #Energy #Environment https://t.co/75‚Ä¶",FALSE,0,NA,2022-12-07 04:54:14,FALSE,NA,"1600352965113827329",NA,"<a href=""http://twitter.com/download/android"" rel=""nofollow"">Twitter for Android</a>","Augusti07158865",3,TRUE,FALSE,NA,NA
"185","Solar power's future is so bright it's got to wear shades! (World Economic Forum) #Energy #Environment https://t.co/7531PHZo7y",FALSE,3,NA,2022-12-07 04:54:00,FALSE,NA,"1600352904488972289",NA,"<a href=""https://about.twitter.com/products/tweetdeck"" rel=""nofollow"">TweetDeck</a>","jamesvgingerich",3,FALSE,FALSE,NA,NA
"186","Arlo Certified Accessory - Essential Solar Panel Charger - Weather Resistant, 8 ft Power Cable, Adjustable Mount, O‚Ä¶ https://t.co/bBV29UZ5Dd",FALSE,0,NA,2022-12-07 04:53:33,TRUE,NA,"1600352791418920960",NA,"<a href=""https://mobile.twitter.com"" rel=""nofollow"">Twitter Web App</a>","mosciski52ejffd",0,FALSE,FALSE,NA,NA
"187","RT @ThePollLady: 3. What‚Äôs interesting is that there is a very critical gas pipeline being built by Russia and China called ""Power of Siber‚Ä¶",FALSE,0,NA,2022-12-07 04:53:19,FALSE,NA,"1600352733546319873",NA,"<a href=""http://twitter.com/download/android"" rel=""nofollow"">Twitter for Android</a>","coolsudi26",32,TRUE,FALSE,NA,NA
"188","start the solar power generation device; When there is wind,‚Ä¶ https://t.co/sMJ2stFcF2",FALSE,0,NA,2022-12-07 04:52:50,TRUE,NA,"1600352612955566080",NA,"<a href=""https://mobile.twitter.com"" rel=""nofollow"">Twitter Web App</a>","KarenBjugan20",0,FALSE,FALSE,NA,NA
"189","RT @alissajean: Hey FL. Your power bill is going up (again) because of decisions that your power company made to remain over-reliant on out‚Ä¶",FALSE,0,NA,2022-12-07 04:52:15,FALSE,NA,"1600352464980434945",NA,"<a href=""http://twitter.com/download/iphone"" rel=""nofollow"">Twitter for iPhone</a>","chriscatmom",560,TRUE,FALSE,NA,NA
"190","@MuffinmanMagic @BurggrabenH 7 Million households heat with natural gas.
How could 6 nuclear power stations help, w‚Ä¶ https://t.co/9oH5QqhW8H",FALSE,0,"MuffinmanMagic",2022-12-07 04:52:10,TRUE,"1600169226861281283","1600352442969116672","1349080649114800128","<a href=""http://twitter.com/download/android"" rel=""nofollow"">Twitter for Android</a>","HMitterwald",0,FALSE,FALSE,NA,NA
"191","@CryptoGROWClub0 @rottoken With Ethereum gas fees being so volatile and high, when can we expect the token to be re‚Ä¶ https://t.co/w6686xwaZ3",FALSE,0,"CryptoGROWClub0",2022-12-07 04:52:09,TRUE,"1600352228640186368","1600352441975046144","1538405221352648704","<a href=""http://twitter.com/download/android"" rel=""nofollow"">Twitter for Android</a>","Over_power_NRKH",0,FALSE,FALSE,NA,NA
"192","Why Biden Should Support Puerto Rico in Transition to Solar Power
#Climate #Solar #PuertoRico
https://t.co/U3u8v9CvJc",FALSE,1,NA,2022-12-07 04:51:52,FALSE,NA,"1600352366976729089",NA,"<a href=""https://mobile.twitter.com"" rel=""nofollow"">Twitter Web App</a>","Bentler",0,FALSE,FALSE,NA,NA
"193","RT @gerrjame: Ukraine says it has shot down 60 of over 70 missiles launched after explosions at two Russian airbases ‚Äì as it happened https‚Ä¶",FALSE,0,NA,2022-12-07 04:51:38,FALSE,NA,"1600352310143614976",NA,"<a href=""http://twitter.com/download/android"" rel=""nofollow"">Twitter for Android</a>","ruisaldanha",1,TRUE,FALSE,NA,NA
"194","RT @ReNewB2B: Accelerating the nation's progress to achieve its #NetZero goal by 2050,¬†@ReNew_Power takes another step ahead with¬†@Jindal_O‚Ä¶",FALSE,0,NA,2022-12-07 04:51:01,FALSE,NA,"1600352156845891584",NA,"<a href=""http://twitter.com/download/iphone"" rel=""nofollow"">Twitter for iPhone</a>","RahulKa70911605",1,TRUE,FALSE,NA,NA
"195","@algore @IEA Build more nuclear power plants; solar and wind plant technology sucks.",FALSE,0,"algore",2022-12-07 04:50:53,FALSE,"1600160856246931456","1600352121068879872","17220934","<a href=""http://twitter.com/download/android"" rel=""nofollow"">Twitter for Android</a>","DakineJeb",0,FALSE,FALSE,NA,NA
"196","Solar power expected to surpass coal in 5 years, IEA says
#Climate #Solar #Transition
https://t.co/cmLu94XHFR",FALSE,2,NA,2022-12-07 04:50:37,FALSE,NA,"1600352052693307392",NA,"<a href=""https://mobile.twitter.com"" rel=""nofollow"">Twitter Web App</a>","Bentler",2,FALSE,FALSE,NA,NA
"197","RT @POTUS: Gas prices are down, domestic production is up, and we‚Äôve rallied the world to release oil to address a gas price hike inflamed‚Ä¶",FALSE,0,NA,2022-12-07 04:50:20,FALSE,NA,"1600351981054283776",NA,"<a href=""https://mobile.twitter.com"" rel=""nofollow"">Twitter Web App</a>","MillerOval",5003,TRUE,FALSE,NA,NA
"198","king of bullshit 6 months in office and we are in DISASTER, what change in 6 months why are we heading into disaste‚Ä¶ https://t.co/SUJUJRAFI1",FALSE,0,NA,2022-12-07 04:50:09,TRUE,NA,"1600351936838250499",NA,"<a href=""https://mobile.twitter.com"" rel=""nofollow"">Twitter Web App</a>","jbcaravans",0,FALSE,FALSE,NA,NA
"199","RT @PeterDClack: The western world is dismantling the oil/coal/gas power that created modern society. It's energy suicide, that will take u‚Ä¶",FALSE,0,NA,2022-12-07 04:49:04,FALSE,NA,"1600351665470595072",NA,"<a href=""https://mobile.twitter.com"" rel=""nofollow"">Twitter Web App</a>","NigelDxb",5328,TRUE,FALSE,NA,NA
"200","@AngelicaOung @Mining_Atoms How about, why is nuclear dying?   Putin's Legacy.   Killing fossil fuels.  And, nuclea‚Ä¶ https://t.co/r1TakW3gZB",FALSE,0,"AngelicaOung",2022-12-07 04:48:57,TRUE,"1600290189133639680","1600351633132597248","2576875908","<a href=""https://mobile.twitter.com"" rel=""nofollow"">Twitter Web App</a>","lleopard11",0,FALSE,FALSE,NA,NA
"201","RT @EmberClimate: üì£""The world is set to add as much renewable power in the next five years as it did in the previous 20 years,"" says @fbiro‚Ä¶",FALSE,0,NA,2022-12-07 04:48:37,FALSE,NA,"1600351548957081600",NA,"<a href=""http://twitter.com/download/iphone"" rel=""nofollow"">Twitter for iPhone</a>","nickhedley",4,TRUE,FALSE,NA,NA
"202","REC Power Development and Consultancy Limited is looking for #solarpower developers for interstate transmission sys‚Ä¶ https://t.co/vyltYd09YJ",FALSE,1,NA,2022-12-07 04:48:27,TRUE,NA,"1600351510575124481",NA,"<a href=""https://mobile.twitter.com"" rel=""nofollow"">Twitter Web App</a>","TaiyangNews",0,FALSE,FALSE,NA,NA
"203","A new law has been passed in France which requires all car parks with over 80 spaces to install a canopy of solar p‚Ä¶ https://t.co/MXp5O7qXdV",FALSE,1,"zee_feed",2022-12-07 04:47:30,TRUE,"1600351266257108992","1600351268316549121","1373078354270691330","<a href=""https://mobile.twitter.com"" rel=""nofollow"">Twitter Web App</a>","zee_feed",1,FALSE,FALSE,NA,NA
"204","RT @CellularTinny: Shop 8 Byo Centre, ground floor next Jet

Load shedding ...no stress ,we've got you coveredü§©

Get your 200ah Solar Batte‚Ä¶",FALSE,0,NA,2022-12-07 04:47:25,FALSE,NA,"1600351248506531840",NA,"<a href=""http://twitter.com/download/android"" rel=""nofollow"">Twitter for Android</a>","MabikaSamuel",46,TRUE,FALSE,NA,NA
"205","Can a House Run on Solar Power Alone?
#solarpower #solarpanels
 https://t.co/Ffgiw2Z6iu",FALSE,3,NA,2022-12-07 04:47:10,FALSE,NA,"1600351185021833216",NA,"<a href=""https://mobile.twitter.com"" rel=""nofollow"">Twitter Web App</a>","SolarPowerAust",1,FALSE,FALSE,NA,NA
"206","RT @austbondlover: To all Australian politicians.
STOP blaming the Ukraine invasion on inflation. It has nothing to do with our prices. Our‚Ä¶",FALSE,0,NA,2022-12-07 04:47:08,FALSE,NA,"1600351179502125056",NA,"<a href=""http://twitter.com/download/iphone"" rel=""nofollow"">Twitter for iPhone</a>","KatieGrace2022",4,TRUE,FALSE,NA,NA
"207","Solar &amp; 12 Volt Power for beginners: off grid power for everyone EKMU2DS

https://t.co/OULR00x7MA https://t.co/YrBayT2rW2",FALSE,0,NA,2022-12-07 04:46:45,FALSE,NA,"1600351080155488256",NA,"<a href=""https://mobile.twitter.com"" rel=""nofollow"">Twitter Web App</a>","hacketthounw",0,FALSE,FALSE,NA,NA
"208","RT @ImRonRoberts: If the Moore County NC domestic terror blackout hasn‚Äôt convinced folks yet that home solar power shouldn‚Äôt be a MUST in a‚Ä¶",FALSE,0,NA,2022-12-07 04:46:20,FALSE,NA,"1600350975851565056",NA,"<a href=""http://twitter.com/download/android"" rel=""nofollow"">Twitter for Android</a>","Lift_Our_Voice",3,TRUE,FALSE,NA,NA
"209","RT @vanguardngrnews: FG blames gas shortage, low tariff for poor power¬†supply https://t.co/fQa7p9sCPK",FALSE,0,NA,2022-12-07 04:46:00,FALSE,NA,"1600350892632391681",NA,"<a href=""http://twitter.com/download/android"" rel=""nofollow"">Twitter for Android</a>","Gbeyelives",6,TRUE,FALSE,NA,NA
"210","RT @PeterDClack: The western world is dismantling the oil/coal/gas power that created modern society. It's energy suicide, that will take u‚Ä¶",FALSE,0,NA,2022-12-07 04:45:13,FALSE,NA,"1600350696129560576",NA,"<a href=""https://mobile.twitter.com"" rel=""nofollow"">Twitter Web App</a>","NeilJamesWeekes",5328,TRUE,FALSE,NA,NA
"211","Can you help stop the California Public Utilities Commission's new NEM 3 proposal? It is a gift to the utilities an‚Ä¶ https://t.co/9d6yUP5o5p",FALSE,0,NA,2022-12-07 04:45:12,TRUE,NA,"1600350691368779776",NA,"<a href=""https://www.hootsuite.com"" rel=""nofollow"">Hootsuite Inc.</a>","RideDriveClean",0,FALSE,FALSE,NA,NA
"212","Can you help stop the California Public Utilities Commission's new NEM 3 proposal? It is a gift to the utilities an‚Ä¶ https://t.co/ppGggmONVL",FALSE,2,NA,2022-12-07 04:45:12,TRUE,NA,"1600350691234562049",NA,"<a href=""https://www.hootsuite.com"" rel=""nofollow"">Hootsuite Inc.</a>","cooltheearth",2,FALSE,FALSE,NA,NA
"213","RT @lakshmishaks: Green hydrogen is entering hockey stick territory: the point where it sees a sudden and sharp turn upward. A boom in the‚Ä¶",FALSE,0,NA,2022-12-07 04:45:05,FALSE,NA,"1600350660863488000",NA,"<a href=""http://twitter.com/download/android"" rel=""nofollow"">Twitter for Android</a>","MaheshGurme",1,TRUE,FALSE,NA,NA
"214","Marom Energy, a small company run by the Gandyr Foundation of #JudithRecanati, is going to build Israel‚Äôs first sol‚Ä¶ https://t.co/BkGaeX4FmY",FALSE,0,NA,2022-12-07 04:45:00,TRUE,NA,"1600350639598424065",NA,"<a href=""https://mobile.twitter.com"" rel=""nofollow"">Twitter Web App</a>","TheMediaLine",0,FALSE,FALSE,NA,NA
"215","Green hydrogen is entering hockey stick territory: the point where it sees a sudden and sharp turn upward. A boom i‚Ä¶ https://t.co/TwzxkLySbB",FALSE,3,NA,2022-12-07 04:44:46,TRUE,NA,"1600350583143424000",NA,"<a href=""https://mobile.twitter.com"" rel=""nofollow"">Twitter Web App</a>","lakshmishaks",1,FALSE,FALSE,NA,NA
"216","RT @ThePollLady: 3. What‚Äôs interesting is that there is a very critical gas pipeline being built by Russia and China called ""Power of Siber‚Ä¶",FALSE,0,NA,2022-12-07 04:44:35,FALSE,NA,"1600350536641187840",NA,"<a href=""http://twitter.com/download/android"" rel=""nofollow"">Twitter for Android</a>","Harshurr_2001",32,TRUE,FALSE,NA,NA
"217","RT @alissajean: Hey FL. Your power bill is going up (again) because of decisions that your power company made to remain over-reliant on out‚Ä¶",FALSE,0,NA,2022-12-07 04:44:16,FALSE,NA,"1600350458031222784",NA,"<a href=""http://twitter.com/download/android"" rel=""nofollow"">Twitter for Android</a>","Kundera87",560,TRUE,FALSE,NA,NA
"218","@CdeNMaswerasei It sad to see a young person of your nature think so negative about your country,  global climate c‚Ä¶ https://t.co/6VjsrDQlxb",FALSE,0,"CdeNMaswerasei",2022-12-07 04:44:03,TRUE,"1600345245597564931","1600350399977779200","4924509034","<a href=""http://twitter.com/download/android"" rel=""nofollow"">Twitter for Android</a>","mattmutaz",0,FALSE,FALSE,NA,NA
"219","RT @Reet_2012: Oil/Ghee Lamps purify environment. Masses light up 1-17ü™îdaily in morning and evening in their homes. It has power to kill al‚Ä¶",FALSE,0,NA,2022-12-07 04:43:50,FALSE,NA,"1600350349130596353",NA,"<a href=""http://twitter.com/download/android"" rel=""nofollow"">Twitter for Android</a>","Er_Randheer_P",4,TRUE,FALSE,NA,NA
"220","""Installed capacity"" for solar/wind is deceptive because those sources are intermittent, unlike oil/gas/coal/hydro,‚Ä¶ https://t.co/uyoQ6eVGIm",FALSE,0,NA,2022-12-07 04:43:45,TRUE,NA,"1600350325395050496",NA,"<a href=""https://mobile.twitter.com"" rel=""nofollow"">Twitter Web App</a>","benoit_cambron",0,FALSE,FALSE,NA,NA
"221","'Largest ever' revision of #renewableenergy forecast by @IEA; Expects renewables to grow by almost 2.4 TW during 20‚Ä¶ https://t.co/mR9leD584i",FALSE,1,NA,2022-12-07 04:43:37,TRUE,NA,"1600350292448464896",NA,"<a href=""https://mobile.twitter.com"" rel=""nofollow"">Twitter Web App</a>","TaiyangNews",0,FALSE,FALSE,NA,NA
"222","Solar Power Garden Light 12LED Motion Sensor Wall Light Auto Waterproof Outdoor Lamp TRY87.18 -‚Ä¶ https://t.co/HEYrjH1hq3",FALSE,0,NA,2022-12-07 04:43:32,TRUE,NA,"1600350270411735041",NA,"<a href=""https://www.hellobox.co"" rel=""nofollow"">HelloBox</a>","takip_kampanya",0,FALSE,FALSE,NA,NA
"223","RT @khamenei_ir: ‚ÄúWe can‚Äôt‚Äù was a negative, wrong catchphrase before the Revolution in #Iran. The #Revolution changed this mindset, which l‚Ä¶",FALSE,0,NA,2022-12-07 04:43:29,FALSE,NA,"1600350259276021760",NA,"<a href=""http://twitter.com/download/android"" rel=""nofollow"">Twitter for Android</a>","313_mehrabi",167,TRUE,FALSE,NA,NA
"224","RT @CoryBMorgan: Hydrocarbons are keeping you alive today. 

Solar and wind are just tax sucking money pits. 

https://t.co/28kJu8RvGD",FALSE,0,NA,2022-12-07 04:43:28,FALSE,NA,"1600350254011863041",NA,"<a href=""http://twitter.com/#!/download/ipad"" rel=""nofollow"">Twitter for iPad</a>","patriciakob",50,TRUE,FALSE,NA,NA
"225","RT @alissajean: Hey FL. Your power bill is going up (again) because of decisions that your power company made to remain over-reliant on out‚Ä¶",FALSE,0,NA,2022-12-07 04:43:27,FALSE,NA,"1600350252556378112",NA,"<a href=""http://twitter.com/download/iphone"" rel=""nofollow"">Twitter for iPhone</a>","SteveDDees",560,TRUE,FALSE,NA,NA
"226","RT @thartman2u: @BeingCharisBlog My mom,housebound on oxygen (not NC)lives in fear of storm power outages. No way to keep a generator runni‚Ä¶",FALSE,0,NA,2022-12-07 04:43:27,FALSE,NA,"1600350251239342083",NA,"<a href=""http://twitter.com/download/iphone"" rel=""nofollow"">Twitter for iPhone</a>","thartman2u",1,TRUE,FALSE,NA,NA
"227","Putin's Legacy.   Killing fossil fuels.  And, nuclear.

Thanks, Vladimir: Solar PV to replace coal as planet‚Äôs top‚Ä¶ https://t.co/tQHN1NXK3o",FALSE,0,NA,2022-12-07 04:43:10,TRUE,NA,"1600350180385075200",NA,"<a href=""https://mobile.twitter.com"" rel=""nofollow"">Twitter Web App</a>","lleopard11",0,FALSE,FALSE,NA,NA
"228","RT @__Injaneb96: Flashback to when Jimmy Carter, a liberal, &amp; his administration promoted Khomeini and helped him to remove Mohammadreza Pa‚Ä¶",FALSE,0,NA,2022-12-07 04:43:07,FALSE,NA,"1600350166179270657",NA,"<a href=""http://twitter.com/download/iphone"" rel=""nofollow"">Twitter for iPhone</a>","2pump1",765,TRUE,FALSE,NA,NA
"229","RT @khamenei_ir: ‚ÄúWe can‚Äôt‚Äù was a negative, wrong catchphrase before the Revolution in #Iran. The #Revolution changed this mindset, which l‚Ä¶",FALSE,0,NA,2022-12-07 04:42:39,FALSE,NA,"1600350050353557504",NA,"<a href=""https://mobile.twitter.com"" rel=""nofollow"">Twitter Web App</a>","Darse_karbala",167,TRUE,FALSE,NA,NA
"230","@theryanprhodes he is a mega lorde stan and said the EXACT same thing ab solar power in an interview when it came out.",FALSE,0,"theryanprhodes",2022-12-07 04:42:16,FALSE,"1600349450135752706","1600349953649672192","257275490","<a href=""http://twitter.com/download/android"" rel=""nofollow"">Twitter for Android</a>","breakingmedown_",0,FALSE,FALSE,NA,NA
"231","RT @alissajean: Hey FL. Your power bill is going up (again) because of decisions that your power company made to remain over-reliant on out‚Ä¶",FALSE,0,NA,2022-12-07 04:42:04,FALSE,NA,"1600349902638579712",NA,"<a href=""http://twitter.com/download/android"" rel=""nofollow"">Twitter for Android</a>","LawrenceForbe16",560,TRUE,FALSE,NA,NA
"232","RT @Music20Plus: @HenryLawson55 @OZzSue5 @ABCaustralia Yet, when you look at all the infrastructure required to feed power from the numerou‚Ä¶",FALSE,0,NA,2022-12-07 04:41:12,FALSE,NA,"1600349683100299264",NA,"<a href=""http://twitter.com/download/android"" rel=""nofollow"">Twitter for Android</a>","OZzSue5",1,TRUE,FALSE,NA,NA
"233","And people said nuclear power plants are ugly. Really?? These solar farms and their cousin the wind farms are destr‚Ä¶ https://t.co/MajIxDJbvt",FALSE,0,NA,2022-12-07 04:40:46,TRUE,NA,"1600349573805150208",NA,"<a href=""http://twitter.com/#!/download/ipad"" rel=""nofollow"">Twitter for iPad</a>","Rev11Witness",0,FALSE,FALSE,NA,NA
"234","RT @alissajean: Hey FL. Your power bill is going up (again) because of decisions that your power company made to remain over-reliant on out‚Ä¶",FALSE,0,NA,2022-12-07 04:40:22,FALSE,NA,"1600349474177490945",NA,"<a href=""http://twitter.com/download/iphone"" rel=""nofollow"">Twitter for iPhone</a>","CThreeFilm",560,TRUE,FALSE,NA,NA
"235","Trail Camera Solar Power Panel 8000mAh 3W Supporting 12V 9V 6V for All 3G 4G Hunting Game Camera or Deer Feeder GGR‚Ä¶ https://t.co/9k2SH1GddX",FALSE,0,NA,2022-12-07 04:40:16,TRUE,NA,"1600349450055999489",NA,"<a href=""https://mobile.twitter.com"" rel=""nofollow"">Twitter Web App</a>","casperxaf",0,FALSE,FALSE,NA,NA
"236","@sadfolklorian he said the same about solar power, some people just have their own ways they like to listen to musi‚Ä¶ https://t.co/6BphfpuRsI",FALSE,0,"sadfolklorian",2022-12-07 04:40:12,TRUE,"1600348183099383808","1600349433366880257","1165431453485883392","<a href=""http://twitter.com/download/android"" rel=""nofollow"">Twitter for Android</a>","marsfckinlegacy",0,FALSE,FALSE,NA,NA
"237","static pressure at a nominated point in a fluid. 

For fluid power, a working fluid is a gas or liquid that primari‚Ä¶ https://t.co/XV9DlpI0K0",FALSE,1,"Courtne08241586",2022-12-07 04:40:05,TRUE,"1600348848748056579","1600349403625099266","1226562216733925377","<a href=""http://twitter.com/#!/download/ipad"" rel=""nofollow"">Twitter for iPad</a>","Courtne08241586",0,FALSE,FALSE,NA,NA
"238","RT @CoryBMorgan: Hydrocarbons are keeping you alive today. 

Solar and wind are just tax sucking money pits. 

https://t.co/28kJu8RvGD",FALSE,0,NA,2022-12-07 04:39:41,FALSE,NA,"1600349301351145473",NA,"<a href=""http://twitter.com/download/android"" rel=""nofollow"">Twitter for Android</a>","Ciliskatron",50,TRUE,FALSE,NA,NA
"239","RT @FChecker76: @Rebecca74083947 @ThruNoiz @25_cycle @BJChippindale @Climatehope2 @ejwwest @DawnTJ90 @suffect @KeillerDon @Climate_Takes @F‚Ä¶",FALSE,0,NA,2022-12-07 04:38:00,FALSE,NA,"1600348878364020736",NA,"<a href=""http://twitter.com/download/iphone"" rel=""nofollow"">Twitter for iPhone</a>","S_D_Mannix",1,TRUE,FALSE,NA,NA
"240","RT @Harbin_Electric: Today marks #MajorSnow (Daxue), the 21st solar term in the traditional Chinese calendar. It kicks off the perfect seas‚Ä¶",FALSE,0,NA,2022-12-07 04:37:43,FALSE,NA,"1600348809888174080",NA,"<a href=""http://twitter.com/download/android"" rel=""nofollow"">Twitter for Android</a>","BharangaDilip",3,TRUE,FALSE,NA,NA
"241","@austbondlover @AlboMP @Bowenchris Happy to send Ukraine coal as much as they need to survive the winter.  The issu‚Ä¶ https://t.co/n5ior8nGLH",FALSE,0,"austbondlover",2022-12-07 04:37:27,TRUE,"1600346348879912960","1600348741227401216","1574250654","<a href=""http://twitter.com/download/iphone"" rel=""nofollow"">Twitter for iPhone</a>","B2SlavaUkraini",0,FALSE,FALSE,NA,NA
"242","RT @alissajean: Hey FL. Your power bill is going up (again) because of decisions that your power company made to remain over-reliant on out‚Ä¶",FALSE,0,NA,2022-12-07 04:37:19,FALSE,NA,"1600348706033008640",NA,"<a href=""http://twitter.com/download/android"" rel=""nofollow"">Twitter for Android</a>","mommytlc",560,TRUE,FALSE,NA,NA
"243","Amazing what happens when you drain down the strategic oil reserve in order to keep power! 
Sounds damn un-AMERICAN‚Ä¶ https://t.co/hRCr5yJk83",FALSE,2,NA,2022-12-07 04:36:39,TRUE,NA,"1600348540659605504",NA,"<a href=""http://twitter.com/download/iphone"" rel=""nofollow"">Twitter for iPhone</a>","LeftistBasher",2,FALSE,FALSE,NA,NA
"244","RT @ainomugisaha: Watch What Prophecy Reveals Will Happen: Oil or New Forms Energy? https://t.co/yAmsAxm31d via @YouTube
This will prove to‚Ä¶",FALSE,0,NA,2022-12-07 04:36:06,FALSE,NA,"1600348399722647552",NA,"<a href=""https://mobile.twitter.com"" rel=""nofollow"">Twitter Web App</a>","Gloriaelvic",3,TRUE,FALSE,NA,NA
"245","RT @CoryBMorgan: Hydrocarbons are keeping you alive today. 

Solar and wind are just tax sucking money pits. 

https://t.co/28kJu8RvGD",FALSE,0,NA,2022-12-07 04:36:05,FALSE,NA,"1600348397726498816",NA,"<a href=""https://mobile.twitter.com"" rel=""nofollow"">Twitter Web App</a>","LisaPow33260238",50,TRUE,FALSE,NA,NA
"246","Solar Power Capacity Growth in India. Clearly Solar Energy is the future in India.
#SolarPower #solarenergy‚Ä¶ https://t.co/yCzUpeE5xF",FALSE,2,NA,2022-12-07 04:36:00,TRUE,NA,"1600348374753898497",NA,"<a href=""https://mobile.twitter.com"" rel=""nofollow"">Twitter Web App</a>","the_stockking",0,FALSE,FALSE,NA,NA
"247","RT @khamenei_ir: ‚ÄúWe can‚Äôt‚Äù was a negative, wrong catchphrase before the Revolution in #Iran. The #Revolution changed this mindset, which l‚Ä¶",FALSE,0,NA,2022-12-07 04:35:14,FALSE,NA,"1600348182810009602",NA,"<a href=""http://twitter.com/download/iphone"" rel=""nofollow"">Twitter for iPhone</a>","HishDaks",167,TRUE,FALSE,NA,NA
"248","We are in the middle of the fossil fuel phase out, alive and kicking because battery, solar and wind based renewabl‚Ä¶ https://t.co/FTedJKUUFj",FALSE,0,NA,2022-12-07 04:35:14,TRUE,NA,"1600348182583484416",NA,"<a href=""https://cheapbotsdonequick.com"" rel=""nofollow"">Cheap Bots, Done Quick!</a>","UPlantATree",0,FALSE,FALSE,NA,NA
"249","RT @Masports_atanga: @IanSmiththe3rd 84 is the number of homes that could be having power just from Wicknell's shoes which he bought with l‚Ä¶",FALSE,0,NA,2022-12-07 04:35:02,FALSE,NA,"1600348130649821185",NA,"<a href=""http://twitter.com/download/android"" rel=""nofollow"">Twitter for Android</a>","IanSmiththe3rd",1,TRUE,FALSE,NA,NA
"250","Pero sadly the Philippines is way behind in terms of GREEN initiatives.

Asta lang gid ta ya sa pageant kg Miss Ear‚Ä¶ https://t.co/2OksvVBGZ2",FALSE,0,"walf_",2022-12-07 04:35:02,TRUE,"1600343050601234432","1600348130570285056","59401233","<a href=""http://twitter.com/download/android"" rel=""nofollow"">Twitter for Android</a>","walf_",0,FALSE,FALSE,NA,NA
